userId,movieId,rating
-650,-10,2
-650,-9,4
-650,-8,1
-650,-7,1
-650,-6,4
-650,-5,4
-650,-4,3
-650,-3,2
-650,-2,1
-650,-1,5
-649,-10,2
-649,-9,3
-649,-8,2
-649,-7,3
-649,-6,5
-649,-5,4
-649,-4,3
-649,-3,5
-649,-2,2
-649,-1,2
-648,-10,1
-648,-9,4
-648,-8,1
-648,-7,5
-648,-6,2
-648,-5,1
-648,-4,2
-648,-3,4
-648,-2,4
-648,-1,1
-647,-10,2
-647,-9,1
-647,-8,2
-647,-7,5
-647,-6,2
-647,-5,3
-647,-4,2
-647,-3,4
-647,-2,5
-647,-1,2
-646,-10,3
-646,-9,3
-646,-8,3
-646,-7,1
-646,-6,3
-646,-5,1
-646,-4,1
-646,-3,3
-646,-2,5
-646,-1,2
-645,-10,2
-645,-9,1
-645,-8,1
-645,-7,1
-645,-6,1
-645,-5,4
-645,-4,4
-645,-3,1
-645,-2,4
-645,-1,4
-644,-10,2
-644,-9,4
-644,-8,4
-644,-7,5
-644,-6,3
-644,-5,1
-644,-4,2
-644,-3,2
-644,-2,1
-644,-1,2
-643,-10,3
-643,-9,4
-643,-8,5
-643,-7,5
-643,-6,4
-643,-5,3
-643,-4,2
-643,-3,5
-643,-2,3
-643,-1,2
-642,-10,5
-642,-9,5
-642,-8,4
-642,-7,3
-642,-6,5
-642,-5,2
-642,-4,5
-642,-3,1
-642,-2,4
-642,-1,4
-641,-10,4
-641,-9,1
-641,-8,1
-641,-7,1
-641,-6,1
-641,-5,5
-641,-4,5
-641,-3,3
-641,-2,3
-641,-1,2
-640,-10,4
-640,-9,4
-640,-8,2
-640,-7,3
-640,-6,4
-640,-5,3
-640,-4,1
-640,-3,1
-640,-2,2
-640,-1,4
-639,-10,2
-639,-9,4
-639,-8,4
-639,-7,2
-639,-6,4
-639,-5,3
-639,-4,5
-639,-3,1
-639,-2,1
-639,-1,2
-638,-10,1
-638,-9,1
-638,-8,4
-638,-7,3
-638,-6,4
-638,-5,2
-638,-4,4
-638,-3,5
-638,-2,5
-638,-1,5
-637,-10,3
-637,-9,4
-637,-8,3
-637,-7,1
-637,-6,4
-637,-5,2
-637,-4,3
-637,-3,2
-637,-2,4
-637,-1,2
-636,-10,1
-636,-9,4
-636,-8,5
-636,-7,5
-636,-6,2
-636,-5,5
-636,-4,3
-636,-3,4
-636,-2,3
-636,-1,3
-635,-10,5
-635,-9,5
-635,-8,3
-635,-7,2
-635,-6,2
-635,-5,3
-635,-4,1
-635,-3,5
-635,-2,5
-635,-1,3
-634,-10,5
-634,-9,2
-634,-8,2
-634,-7,2
-634,-6,2
-634,-5,4
-634,-4,2
-634,-3,3
-634,-2,4
-634,-1,3
-633,-10,5
-633,-9,4
-633,-8,2
-633,-7,4
-633,-6,2
-633,-5,2
-633,-4,2
-633,-3,4
-633,-2,1
-633,-1,4
-632,-10,4
-632,-9,5
-632,-8,3
-632,-7,3
-632,-6,5
-632,-5,3
-632,-4,2
-632,-3,2
-632,-2,5
-632,-1,1
-631,-10,2
-631,-9,4
-631,-8,2
-631,-7,2
-631,-6,3
-631,-5,4
-631,-4,3
-631,-3,3
-631,-2,4
-631,-1,4
-630,-10,4
-630,-9,1
-630,-8,1
-630,-7,5
-630,-6,3
-630,-5,2
-630,-4,3
-630,-3,4
-630,-2,5
-630,-1,5
-629,-10,2
-629,-9,2
-629,-8,4
-629,-7,2
-629,-6,5
-629,-5,5
-629,-4,5
-629,-3,4
-629,-2,3
-629,-1,4
-628,-10,2
-628,-9,1
-628,-8,4
-628,-7,4
-628,-6,1
-628,-5,2
-628,-4,3
-628,-3,1
-628,-2,2
-628,-1,3
-627,-10,4
-627,-9,5
-627,-8,5
-627,-7,2
-627,-6,5
-627,-5,4
-627,-4,5
-627,-3,3
-627,-2,5
-627,-1,4
-626,-10,5
-626,-9,3
-626,-8,2
-626,-7,5
-626,-6,5
-626,-5,5
-626,-4,5
-626,-3,1
-626,-2,3
-626,-1,4
-625,-10,5
-625,-9,5
-625,-8,1
-625,-7,1
-625,-6,2
-625,-5,3
-625,-4,2
-625,-3,2
-625,-2,5
-625,-1,2
-624,-10,5
-624,-9,3
-624,-8,2
-624,-7,3
-624,-6,1
-624,-5,2
-624,-4,2
-624,-3,2
-624,-2,2
-624,-1,1
-623,-10,5
-623,-9,3
-623,-8,4
-623,-7,4
-623,-6,4
-623,-5,5
-623,-4,5
-623,-3,4
-623,-2,4
-623,-1,2
-622,-10,2
-622,-9,3
-622,-8,4
-622,-7,4
-622,-6,4
-622,-5,5
-622,-4,5
-622,-3,5
-622,-2,1
-622,-1,3
-621,-10,2
-621,-9,3
-621,-8,4
-621,-7,4
-621,-6,5
-621,-5,3
-621,-4,1
-621,-3,4
-621,-2,4
-621,-1,3
-620,-10,3
-620,-9,3
-620,-8,4
-620,-7,2
-620,-6,4
-620,-5,2
-620,-4,1
-620,-3,2
-620,-2,2
-620,-1,3
-619,-10,4
-619,-9,3
-619,-8,4
-619,-7,3
-619,-6,5
-619,-5,2
-619,-4,5
-619,-3,4
-619,-2,5
-619,-1,1
-618,-10,2
-618,-9,2
-618,-8,2
-618,-7,5
-618,-6,5
-618,-5,2
-618,-4,5
-618,-3,1
-618,-2,4
-618,-1,2
-617,-10,4
-617,-9,1
-617,-8,1
-617,-7,1
-617,-6,4
-617,-5,4
-617,-4,4
-617,-3,2
-617,-2,5
-617,-1,2
-616,-10,5
-616,-9,3
-616,-8,4
-616,-7,3
-616,-6,4
-616,-5,5
-616,-4,5
-616,-3,1
-616,-2,5
-616,-1,3
-615,-10,3
-615,-9,3
-615,-8,5
-615,-7,4
-615,-6,2
-615,-5,2
-615,-4,2
-615,-3,5
-615,-2,3
-615,-1,3
-614,-10,3
-614,-9,1
-614,-8,3
-614,-7,1
-614,-6,5
-614,-5,3
-614,-4,3
-614,-3,3
-614,-2,5
-614,-1,1
-613,-10,4
-613,-9,3
-613,-8,4
-613,-7,4
-613,-6,2
-613,-5,4
-613,-4,4
-613,-3,4
-613,-2,1
-613,-1,1
-612,-10,2
-612,-9,5
-612,-8,1
-612,-7,2
-612,-6,4
-612,-5,1
-612,-4,2
-612,-3,2
-612,-2,5
-612,-1,3
-611,-10,3
-611,-9,4
-611,-8,5
-611,-7,3
-611,-6,4
-611,-5,5
-611,-4,5
-611,-3,3
-611,-2,4
-611,-1,1
-610,-10,2
-610,-9,3
-610,-8,1
-610,-7,5
-610,-6,4
-610,-5,5
-610,-4,5
-610,-3,2
-610,-2,2
-610,-1,3
-609,-10,3
-609,-9,3
-609,-8,5
-609,-7,3
-609,-6,1
-609,-5,4
-609,-4,5
-609,-3,2
-609,-2,2
-609,-1,4
-608,-10,2
-608,-9,1
-608,-8,3
-608,-7,3
-608,-6,3
-608,-5,1
-608,-4,4
-608,-3,1
-608,-2,5
-608,-1,3
-607,-10,5
-607,-9,2
-607,-8,1
-607,-7,5
-607,-6,4
-607,-5,5
-607,-4,4
-607,-3,2
-607,-2,3
-607,-1,5
-606,-10,2
-606,-9,5
-606,-8,1
-606,-7,3
-606,-6,5
-606,-5,1
-606,-4,5
-606,-3,3
-606,-2,2
-606,-1,5
-605,-10,5
-605,-9,3
-605,-8,1
-605,-7,5
-605,-6,5
-605,-5,1
-605,-4,5
-605,-3,3
-605,-2,2
-605,-1,4
-604,-10,2
-604,-9,4
-604,-8,2
-604,-7,5
-604,-6,4
-604,-5,1
-604,-4,2
-604,-3,5
-604,-2,4
-604,-1,2
-603,-10,1
-603,-9,4
-603,-8,5
-603,-7,3
-603,-6,2
-603,-5,2
-603,-4,1
-603,-3,1
-603,-2,3
-603,-1,3
-602,-10,1
-602,-9,1
-602,-8,5
-602,-7,1
-602,-6,4
-602,-5,2
-602,-4,1
-602,-3,1
-602,-2,1
-602,-1,3
-601,-10,5
-601,-9,2
-601,-8,1
-601,-7,4
-601,-6,3
-601,-5,4
-601,-4,4
-601,-3,2
-601,-2,5
-601,-1,5
-600,-10,4
-600,-9,5
-600,-8,4
-600,-7,1
-600,-6,5
-600,-5,1
-600,-4,3
-600,-3,4
-600,-2,3
-600,-1,3
-599,-10,1
-599,-9,5
-599,-8,5
-599,-7,5
-599,-6,4
-599,-5,1
-599,-4,5
-599,-3,2
-599,-2,1
-599,-1,3
-598,-10,1
-598,-9,2
-598,-8,5
-598,-7,1
-598,-6,2
-598,-5,5
-598,-4,4
-598,-3,2
-598,-2,5
-598,-1,4
-597,-10,4
-597,-9,4
-597,-8,2
-597,-7,4
-597,-6,4
-597,-5,1
-597,-4,2
-597,-3,4
-597,-2,2
-597,-1,3
-596,-10,4
-596,-9,3
-596,-8,3
-596,-7,3
-596,-6,2
-596,-5,1
-596,-4,2
-596,-3,1
-596,-2,5
-596,-1,3
-595,-10,5
-595,-9,3
-595,-8,1
-595,-7,2
-595,-6,4
-595,-5,3
-595,-4,1
-595,-3,4
-595,-2,5
-595,-1,1
-594,-10,3
-594,-9,2
-594,-8,4
-594,-7,5
-594,-6,5
-594,-5,2
-594,-4,3
-594,-3,2
-594,-2,2
-594,-1,3
-593,-10,4
-593,-9,1
-593,-8,1
-593,-7,4
-593,-6,5
-593,-5,4
-593,-4,4
-593,-3,2
-593,-2,4
-593,-1,1
-592,-10,3
-592,-9,3
-592,-8,2
-592,-7,3
-592,-6,5
-592,-5,1
-592,-4,4
-592,-3,5
-592,-2,1
-592,-1,1
-591,-10,1
-591,-9,4
-591,-8,5
-591,-7,1
-591,-6,5
-591,-5,2
-591,-4,4
-591,-3,4
-591,-2,3
-591,-1,5
-590,-10,3
-590,-9,1
-590,-8,5
-590,-7,3
-590,-6,4
-590,-5,4
-590,-4,3
-590,-3,2
-590,-2,3
-590,-1,1
-589,-10,4
-589,-9,4
-589,-8,5
-589,-7,4
-589,-6,3
-589,-5,1
-589,-4,5
-589,-3,2
-589,-2,1
-589,-1,5
-588,-10,4
-588,-9,4
-588,-8,2
-588,-7,1
-588,-6,3
-588,-5,5
-588,-4,2
-588,-3,5
-588,-2,4
-588,-1,3
-587,-10,5
-587,-9,1
-587,-8,4
-587,-7,4
-587,-6,3
-587,-5,3
-587,-4,3
-587,-3,5
-587,-2,4
-587,-1,1
-586,-10,4
-586,-9,2
-586,-8,2
-586,-7,5
-586,-6,2
-586,-5,2
-586,-4,5
-586,-3,1
-586,-2,4
-586,-1,5
-585,-10,3
-585,-9,3
-585,-8,3
-585,-7,4
-585,-6,2
-585,-5,5
-585,-4,4
-585,-3,5
-585,-2,1
-585,-1,4
-584,-10,3
-584,-9,4
-584,-8,3
-584,-7,1
-584,-6,1
-584,-5,4
-584,-4,5
-584,-3,1
-584,-2,1
-584,-1,5
-583,-10,3
-583,-9,1
-583,-8,3
-583,-7,5
-583,-6,2
-583,-5,3
-583,-4,2
-583,-3,2
-583,-2,4
-583,-1,1
-582,-10,1
-582,-9,1
-582,-8,1
-582,-7,5
-582,-6,1
-582,-5,3
-582,-4,3
-582,-3,1
-582,-2,3
-582,-1,4
-581,-10,5
-581,-9,4
-581,-8,5
-581,-7,5
-581,-6,4
-581,-5,5
-581,-4,4
-581,-3,1
-581,-2,5
-581,-1,4
-580,-10,3
-580,-9,5
-580,-8,5
-580,-7,4
-580,-6,2
-580,-5,2
-580,-4,5
-580,-3,4
-580,-2,3
-580,-1,4
-579,-10,3
-579,-9,3
-579,-8,1
-579,-7,5
-579,-6,4
-579,-5,2
-579,-4,3
-579,-3,4
-579,-2,1
-579,-1,3
-578,-10,1
-578,-9,5
-578,-8,3
-578,-7,3
-578,-6,1
-578,-5,5
-578,-4,2
-578,-3,3
-578,-2,2
-578,-1,2
-577,-10,4
-577,-9,1
-577,-8,2
-577,-7,1
-577,-6,4
-577,-5,1
-577,-4,1
-577,-3,2
-577,-2,3
-577,-1,4
-576,-10,3
-576,-9,5
-576,-8,3
-576,-7,4
-576,-6,1
-576,-5,2
-576,-4,3
-576,-3,5
-576,-2,1
-576,-1,2
-575,-10,3
-575,-9,1
-575,-8,1
-575,-7,2
-575,-6,3
-575,-5,3
-575,-4,2
-575,-3,3
-575,-2,4
-575,-1,3
-574,-10,1
-574,-9,3
-574,-8,2
-574,-7,2
-574,-6,1
-574,-5,3
-574,-4,1
-574,-3,5
-574,-2,2
-574,-1,3
-573,-10,1
-573,-9,1
-573,-8,1
-573,-7,3
-573,-6,1
-573,-5,2
-573,-4,2
-573,-3,4
-573,-2,3
-573,-1,4
-572,-10,2
-572,-9,2
-572,-8,2
-572,-7,1
-572,-6,4
-572,-5,4
-572,-4,1
-572,-3,1
-572,-2,4
-572,-1,1
-571,-10,5
-571,-9,4
-571,-8,4
-571,-7,1
-571,-6,3
-571,-5,1
-571,-4,4
-571,-3,2
-571,-2,4
-571,-1,4
-570,-10,2
-570,-9,4
-570,-8,4
-570,-7,4
-570,-6,1
-570,-5,2
-570,-4,5
-570,-3,4
-570,-2,2
-570,-1,2
-569,-10,1
-569,-9,4
-569,-8,5
-569,-7,5
-569,-6,2
-569,-5,4
-569,-4,1
-569,-3,2
-569,-2,3
-569,-1,2
-568,-10,2
-568,-9,1
-568,-8,2
-568,-7,1
-568,-6,4
-568,-5,2
-568,-4,3
-568,-3,1
-568,-2,5
-568,-1,1
-567,-10,4
-567,-9,1
-567,-8,1
-567,-7,5
-567,-6,3
-567,-5,4
-567,-4,4
-567,-3,4
-567,-2,5
-567,-1,2
-566,-10,5
-566,-9,3
-566,-8,5
-566,-7,2
-566,-6,5
-566,-5,1
-566,-4,5
-566,-3,4
-566,-2,5
-566,-1,4
-565,-10,5
-565,-9,2
-565,-8,4
-565,-7,3
-565,-6,2
-565,-5,2
-565,-4,2
-565,-3,3
-565,-2,5
-565,-1,4
-564,-10,5
-564,-9,5
-564,-8,4
-564,-7,1
-564,-6,4
-564,-5,5
-564,-4,4
-564,-3,1
-564,-2,3
-564,-1,3
-563,-10,1
-563,-9,2
-563,-8,2
-563,-7,1
-563,-6,3
-563,-5,5
-563,-4,1
-563,-3,5
-563,-2,2
-563,-1,3
-562,-10,3
-562,-9,4
-562,-8,2
-562,-7,2
-562,-6,1
-562,-5,2
-562,-4,3
-562,-3,3
-562,-2,3
-562,-1,2
-561,-10,2
-561,-9,2
-561,-8,5
-561,-7,1
-561,-6,3
-561,-5,1
-561,-4,4
-561,-3,4
-561,-2,4
-561,-1,5
-560,-10,3
-560,-9,5
-560,-8,2
-560,-7,2
-560,-6,4
-560,-5,3
-560,-4,1
-560,-3,3
-560,-2,1
-560,-1,3
-559,-10,1
-559,-9,2
-559,-8,2
-559,-7,2
-559,-6,2
-559,-5,1
-559,-4,3
-559,-3,2
-559,-2,1
-559,-1,3
-558,-10,3
-558,-9,1
-558,-8,3
-558,-7,1
-558,-6,2
-558,-5,4
-558,-4,3
-558,-3,1
-558,-2,4
-558,-1,2
-557,-10,1
-557,-9,2
-557,-8,2
-557,-7,2
-557,-6,5
-557,-5,4
-557,-4,3
-557,-3,1
-557,-2,3
-557,-1,3
-556,-10,1
-556,-9,5
-556,-8,3
-556,-7,1
-556,-6,1
-556,-5,5
-556,-4,1
-556,-3,3
-556,-2,5
-556,-1,2
-555,-10,3
-555,-9,3
-555,-8,4
-555,-7,2
-555,-6,3
-555,-5,3
-555,-4,2
-555,-3,1
-555,-2,5
-555,-1,5
-554,-10,1
-554,-9,5
-554,-8,5
-554,-7,4
-554,-6,2
-554,-5,4
-554,-4,1
-554,-3,5
-554,-2,2
-554,-1,4
-553,-10,4
-553,-9,3
-553,-8,5
-553,-7,3
-553,-6,2
-553,-5,3
-553,-4,3
-553,-3,2
-553,-2,5
-553,-1,2
-552,-10,4
-552,-9,1
-552,-8,2
-552,-7,3
-552,-6,5
-552,-5,4
-552,-4,4
-552,-3,5
-552,-2,4
-552,-1,3
-551,-10,2
-551,-9,3
-551,-8,1
-551,-7,3
-551,-6,3
-551,-5,2
-551,-4,1
-551,-3,4
-551,-2,4
-551,-1,3
-550,-10,4
-550,-9,1
-550,-8,1
-550,-7,2
-550,-6,3
-550,-5,5
-550,-4,3
-550,-3,1
-550,-2,1
-550,-1,5
-549,-10,5
-549,-9,1
-549,-8,1
-549,-7,3
-549,-6,2
-549,-5,5
-549,-4,4
-549,-3,2
-549,-2,5
-549,-1,4
-548,-10,5
-548,-9,2
-548,-8,1
-548,-7,5
-548,-6,3
-548,-5,2
-548,-4,3
-548,-3,2
-548,-2,1
-548,-1,5
-547,-10,3
-547,-9,4
-547,-8,3
-547,-7,3
-547,-6,4
-547,-5,3
-547,-4,5
-547,-3,1
-547,-2,5
-547,-1,5
-546,-10,1
-546,-9,4
-546,-8,5
-546,-7,5
-546,-6,3
-546,-5,1
-546,-4,2
-546,-3,3
-546,-2,2
-546,-1,3
-545,-10,3
-545,-9,4
-545,-8,5
-545,-7,1
-545,-6,3
-545,-5,3
-545,-4,5
-545,-3,2
-545,-2,4
-545,-1,2
-544,-10,3
-544,-9,2
-544,-8,1
-544,-7,1
-544,-6,2
-544,-5,1
-544,-4,3
-544,-3,4
-544,-2,5
-544,-1,5
-543,-10,1
-543,-9,4
-543,-8,2
-543,-7,5
-543,-6,3
-543,-5,2
-543,-4,2
-543,-3,2
-543,-2,2
-543,-1,2
-542,-10,1
-542,-9,5
-542,-8,1
-542,-7,3
-542,-6,3
-542,-5,4
-542,-4,5
-542,-3,2
-542,-2,5
-542,-1,1
-541,-10,4
-541,-9,4
-541,-8,2
-541,-7,4
-541,-6,3
-541,-5,4
-541,-4,4
-541,-3,5
-541,-2,3
-541,-1,2
-540,-10,4
-540,-9,3
-540,-8,4
-540,-7,2
-540,-6,3
-540,-5,5
-540,-4,2
-540,-3,1
-540,-2,3
-540,-1,2
-539,-10,1
-539,-9,4
-539,-8,5
-539,-7,3
-539,-6,2
-539,-5,4
-539,-4,2
-539,-3,3
-539,-2,4
-539,-1,3
-538,-10,2
-538,-9,1
-538,-8,4
-538,-7,4
-538,-6,1
-538,-5,2
-538,-4,2
-538,-3,4
-538,-2,2
-538,-1,5
-537,-10,4
-537,-9,3
-537,-8,4
-537,-7,1
-537,-6,4
-537,-5,3
-537,-4,2
-537,-3,4
-537,-2,5
-537,-1,3
-536,-10,2
-536,-9,4
-536,-8,5
-536,-7,4
-536,-6,1
-536,-5,1
-536,-4,5
-536,-3,4
-536,-2,3
-536,-1,5
-535,-10,3
-535,-9,1
-535,-8,1
-535,-7,5
-535,-6,1
-535,-5,3
-535,-4,4
-535,-3,5
-535,-2,2
-535,-1,1
-534,-10,3
-534,-9,4
-534,-8,5
-534,-7,4
-534,-6,4
-534,-5,3
-534,-4,5
-534,-3,5
-534,-2,5
-534,-1,4
-533,-10,2
-533,-9,4
-533,-8,4
-533,-7,2
-533,-6,1
-533,-5,4
-533,-4,2
-533,-3,1
-533,-2,4
-533,-1,1
-532,-10,3
-532,-9,4
-532,-8,1
-532,-7,3
-532,-6,2
-532,-5,3
-532,-4,2
-532,-3,4
-532,-2,5
-532,-1,1
-531,-10,4
-531,-9,2
-531,-8,3
-531,-7,4
-531,-6,5
-531,-5,4
-531,-4,5
-531,-3,1
-531,-2,5
-531,-1,3
-530,-10,1
-530,-9,1
-530,-8,5
-530,-7,4
-530,-6,3
-530,-5,5
-530,-4,3
-530,-3,5
-530,-2,4
-530,-1,2
-529,-10,2
-529,-9,4
-529,-8,1
-529,-7,1
-529,-6,4
-529,-5,5
-529,-4,3
-529,-3,2
-529,-2,3
-529,-1,1
-528,-10,2
-528,-9,2
-528,-8,5
-528,-7,4
-528,-6,1
-528,-5,1
-528,-4,1
-528,-3,5
-528,-2,2
-528,-1,3
-527,-10,4
-527,-9,2
-527,-8,1
-527,-7,2
-527,-6,1
-527,-5,3
-527,-4,5
-527,-3,3
-527,-2,5
-527,-1,3
-526,-10,1
-526,-9,3
-526,-8,5
-526,-7,4
-526,-6,5
-526,-5,1
-526,-4,1
-526,-3,2
-526,-2,1
-526,-1,5
-525,-10,1
-525,-9,3
-525,-8,4
-525,-7,5
-525,-6,1
-525,-5,5
-525,-4,2
-525,-3,1
-525,-2,4
-525,-1,3
-524,-10,4
-524,-9,3
-524,-8,4
-524,-7,2
-524,-6,3
-524,-5,5
-524,-4,3
-524,-3,5
-524,-2,1
-524,-1,2
-523,-10,1
-523,-9,1
-523,-8,2
-523,-7,5
-523,-6,5
-523,-5,5
-523,-4,2
-523,-3,2
-523,-2,5
-523,-1,1
-522,-10,5
-522,-9,5
-522,-8,5
-522,-7,3
-522,-6,2
-522,-5,2
-522,-4,4
-522,-3,2
-522,-2,1
-522,-1,1
-521,-10,2
-521,-9,4
-521,-8,5
-521,-7,3
-521,-6,4
-521,-5,3
-521,-4,5
-521,-3,4
-521,-2,1
-521,-1,5
-520,-10,3
-520,-9,2
-520,-8,2
-520,-7,5
-520,-6,4
-520,-5,1
-520,-4,1
-520,-3,4
-520,-2,5
-520,-1,2
-519,-10,3
-519,-9,1
-519,-8,2
-519,-7,4
-519,-6,4
-519,-5,5
-519,-4,4
-519,-3,1
-519,-2,5
-519,-1,2
-518,-10,2
-518,-9,2
-518,-8,4
-518,-7,5
-518,-6,1
-518,-5,3
-518,-4,2
-518,-3,5
-518,-2,2
-518,-1,2
-517,-10,1
-517,-9,4
-517,-8,1
-517,-7,5
-517,-6,3
-517,-5,3
-517,-4,4
-517,-3,1
-517,-2,4
-517,-1,2
-516,-10,1
-516,-9,5
-516,-8,2
-516,-7,5
-516,-6,4
-516,-5,1
-516,-4,3
-516,-3,2
-516,-2,4
-516,-1,5
-515,-10,5
-515,-9,4
-515,-8,4
-515,-7,4
-515,-6,4
-515,-5,2
-515,-4,4
-515,-3,2
-515,-2,4
-515,-1,2
-514,-10,5
-514,-9,1
-514,-8,3
-514,-7,4
-514,-6,2
-514,-5,4
-514,-4,5
-514,-3,2
-514,-2,1
-514,-1,2
-513,-10,2
-513,-9,4
-513,-8,3
-513,-7,3
-513,-6,1
-513,-5,2
-513,-4,1
-513,-3,5
-513,-2,2
-513,-1,5
-512,-10,5
-512,-9,1
-512,-8,1
-512,-7,2
-512,-6,3
-512,-5,2
-512,-4,5
-512,-3,3
-512,-2,2
-512,-1,1
-511,-10,4
-511,-9,3
-511,-8,2
-511,-7,2
-511,-6,3
-511,-5,5
-511,-4,3
-511,-3,4
-511,-2,3
-511,-1,5
-510,-10,2
-510,-9,2
-510,-8,1
-510,-7,3
-510,-6,4
-510,-5,1
-510,-4,2
-510,-3,1
-510,-2,3
-510,-1,2
-509,-10,2
-509,-9,5
-509,-8,5
-509,-7,5
-509,-6,3
-509,-5,5
-509,-4,1
-509,-3,1
-509,-2,1
-509,-1,5
-508,-10,4
-508,-9,2
-508,-8,5
-508,-7,1
-508,-6,3
-508,-5,5
-508,-4,3
-508,-3,1
-508,-2,1
-508,-1,1
-507,-10,4
-507,-9,2
-507,-8,2
-507,-7,3
-507,-6,3
-507,-5,4
-507,-4,1
-507,-3,3
-507,-2,4
-507,-1,2
-506,-10,1
-506,-9,5
-506,-8,5
-506,-7,1
-506,-6,5
-506,-5,4
-506,-4,3
-506,-3,2
-506,-2,5
-506,-1,3
-505,-10,5
-505,-9,3
-505,-8,3
-505,-7,3
-505,-6,1
-505,-5,5
-505,-4,2
-505,-3,5
-505,-2,1
-505,-1,5
-504,-10,4
-504,-9,2
-504,-8,5
-504,-7,2
-504,-6,3
-504,-5,5
-504,-4,3
-504,-3,3
-504,-2,3
-504,-1,4
-503,-10,5
-503,-9,3
-503,-8,3
-503,-7,5
-503,-6,5
-503,-5,5
-503,-4,3
-503,-3,5
-503,-2,2
-503,-1,4
-502,-10,2
-502,-9,1
-502,-8,1
-502,-7,4
-502,-6,2
-502,-5,2
-502,-4,5
-502,-3,5
-502,-2,2
-502,-1,3
-501,-10,2
-501,-9,1
-501,-8,3
-501,-7,4
-501,-6,4
-501,-5,5
-501,-4,5
-501,-3,3
-501,-2,3
-501,-1,5
-500,-10,2
-500,-9,1
-500,-8,5
-500,-7,1
-500,-6,4
-500,-5,3
-500,-4,5
-500,-3,4
-500,-2,4
-500,-1,1
-499,-10,3
-499,-9,2
-499,-8,4
-499,-7,2
-499,-6,3
-499,-5,4
-499,-4,1
-499,-3,2
-499,-2,1
-499,-1,1
-498,-10,1
-498,-9,4
-498,-8,1
-498,-7,5
-498,-6,2
-498,-5,4
-498,-4,5
-498,-3,5
-498,-2,1
-498,-1,5
-497,-10,1
-497,-9,5
-497,-8,2
-497,-7,2
-497,-6,3
-497,-5,2
-497,-4,1
-497,-3,5
-497,-2,5
-497,-1,4
-496,-10,2
-496,-9,1
-496,-8,2
-496,-7,1
-496,-6,5
-496,-5,1
-496,-4,2
-496,-3,2
-496,-2,1
-496,-1,5
-495,-10,5
-495,-9,3
-495,-8,3
-495,-7,2
-495,-6,5
-495,-5,4
-495,-4,5
-495,-3,5
-495,-2,4
-495,-1,5
-494,-10,4
-494,-9,1
-494,-8,3
-494,-7,4
-494,-6,1
-494,-5,4
-494,-4,5
-494,-3,3
-494,-2,4
-494,-1,2
-493,-10,3
-493,-9,1
-493,-8,3
-493,-7,3
-493,-6,5
-493,-5,5
-493,-4,2
-493,-3,5
-493,-2,1
-493,-1,2
-492,-10,3
-492,-9,3
-492,-8,4
-492,-7,2
-492,-6,1
-492,-5,4
-492,-4,3
-492,-3,1
-492,-2,2
-492,-1,5
-491,-10,2
-491,-9,2
-491,-8,2
-491,-7,5
-491,-6,1
-491,-5,2
-491,-4,4
-491,-3,4
-491,-2,1
-491,-1,2
-490,-10,1
-490,-9,5
-490,-8,3
-490,-7,5
-490,-6,3
-490,-5,4
-490,-4,5
-490,-3,5
-490,-2,3
-490,-1,1
-489,-10,2
-489,-9,5
-489,-8,5
-489,-7,2
-489,-6,3
-489,-5,1
-489,-4,3
-489,-3,2
-489,-2,3
-489,-1,3
-488,-10,2
-488,-9,5
-488,-8,1
-488,-7,5
-488,-6,5
-488,-5,2
-488,-4,5
-488,-3,3
-488,-2,2
-488,-1,3
-487,-10,1
-487,-9,4
-487,-8,5
-487,-7,4
-487,-6,2
-487,-5,4
-487,-4,1
-487,-3,5
-487,-2,4
-487,-1,3
-486,-10,4
-486,-9,3
-486,-8,3
-486,-7,2
-486,-6,4
-486,-5,3
-486,-4,2
-486,-3,5
-486,-2,3
-486,-1,5
-485,-10,4
-485,-9,3
-485,-8,1
-485,-7,4
-485,-6,1
-485,-5,1
-485,-4,4
-485,-3,4
-485,-2,5
-485,-1,2
-484,-10,5
-484,-9,3
-484,-8,3
-484,-7,5
-484,-6,5
-484,-5,3
-484,-4,1
-484,-3,1
-484,-2,1
-484,-1,4
-483,-10,1
-483,-9,4
-483,-8,3
-483,-7,1
-483,-6,4
-483,-5,4
-483,-4,3
-483,-3,5
-483,-2,2
-483,-1,3
-482,-10,1
-482,-9,1
-482,-8,5
-482,-7,3
-482,-6,5
-482,-5,4
-482,-4,3
-482,-3,1
-482,-2,4
-482,-1,1
-481,-10,5
-481,-9,2
-481,-8,5
-481,-7,3
-481,-6,4
-481,-5,2
-481,-4,5
-481,-3,3
-481,-2,2
-481,-1,1
-480,-10,2
-480,-9,1
-480,-8,4
-480,-7,4
-480,-6,5
-480,-5,1
-480,-4,5
-480,-3,1
-480,-2,5
-480,-1,2
-479,-10,3
-479,-9,4
-479,-8,3
-479,-7,3
-479,-6,2
-479,-5,4
-479,-4,3
-479,-3,1
-479,-2,1
-479,-1,2
-478,-10,1
-478,-9,1
-478,-8,3
-478,-7,5
-478,-6,5
-478,-5,4
-478,-4,4
-478,-3,1
-478,-2,3
-478,-1,3
-477,-10,5
-477,-9,5
-477,-8,4
-477,-7,2
-477,-6,1
-477,-5,5
-477,-4,2
-477,-3,2
-477,-2,3
-477,-1,4
-476,-10,5
-476,-9,3
-476,-8,1
-476,-7,3
-476,-6,4
-476,-5,2
-476,-4,5
-476,-3,2
-476,-2,1
-476,-1,5
-475,-10,5
-475,-9,4
-475,-8,2
-475,-7,1
-475,-6,1
-475,-5,2
-475,-4,4
-475,-3,5
-475,-2,5
-475,-1,2
-474,-10,2
-474,-9,4
-474,-8,4
-474,-7,3
-474,-6,3
-474,-5,4
-474,-4,1
-474,-3,2
-474,-2,2
-474,-1,2
-473,-10,3
-473,-9,1
-473,-8,4
-473,-7,3
-473,-6,2
-473,-5,3
-473,-4,5
-473,-3,5
-473,-2,2
-473,-1,3
-472,-10,5
-472,-9,2
-472,-8,1
-472,-7,4
-472,-6,4
-472,-5,1
-472,-4,3
-472,-3,4
-472,-2,1
-472,-1,5
-471,-10,2
-471,-9,3
-471,-8,2
-471,-7,2
-471,-6,2
-471,-5,2
-471,-4,5
-471,-3,3
-471,-2,1
-471,-1,5
-470,-10,2
-470,-9,4
-470,-8,1
-470,-7,5
-470,-6,2
-470,-5,4
-470,-4,1
-470,-3,5
-470,-2,4
-470,-1,3
-469,-10,2
-469,-9,4
-469,-8,3
-469,-7,2
-469,-6,2
-469,-5,1
-469,-4,4
-469,-3,5
-469,-2,5
-469,-1,2
-468,-10,1
-468,-9,2
-468,-8,1
-468,-7,2
-468,-6,5
-468,-5,1
-468,-4,5
-468,-3,3
-468,-2,1
-468,-1,1
-467,-10,4
-467,-9,2
-467,-8,5
-467,-7,2
-467,-6,2
-467,-5,1
-467,-4,2
-467,-3,1
-467,-2,2
-467,-1,5
-466,-10,1
-466,-9,4
-466,-8,5
-466,-7,4
-466,-6,4
-466,-5,4
-466,-4,5
-466,-3,5
-466,-2,5
-466,-1,2
-465,-10,4
-465,-9,5
-465,-8,4
-465,-7,4
-465,-6,5
-465,-5,5
-465,-4,4
-465,-3,4
-465,-2,5
-465,-1,2
-464,-10,5
-464,-9,3
-464,-8,4
-464,-7,4
-464,-6,4
-464,-5,5
-464,-4,4
-464,-3,2
-464,-2,1
-464,-1,2
-463,-10,4
-463,-9,3
-463,-8,4
-463,-7,5
-463,-6,2
-463,-5,2
-463,-4,3
-463,-3,2
-463,-2,3
-463,-1,2
-462,-10,1
-462,-9,5
-462,-8,3
-462,-7,5
-462,-6,3
-462,-5,5
-462,-4,4
-462,-3,2
-462,-2,2
-462,-1,3
-461,-10,3
-461,-9,3
-461,-8,2
-461,-7,1
-461,-6,1
-461,-5,3
-461,-4,5
-461,-3,1
-461,-2,5
-461,-1,5
-460,-10,1
-460,-9,4
-460,-8,5
-460,-7,4
-460,-6,3
-460,-5,1
-460,-4,1
-460,-3,5
-460,-2,3
-460,-1,3
-459,-10,2
-459,-9,2
-459,-8,1
-459,-7,4
-459,-6,2
-459,-5,1
-459,-4,1
-459,-3,5
-459,-2,2
-459,-1,5
-458,-10,2
-458,-9,2
-458,-8,5
-458,-7,4
-458,-6,4
-458,-5,2
-458,-4,1
-458,-3,4
-458,-2,4
-458,-1,4
-457,-10,3
-457,-9,3
-457,-8,2
-457,-7,4
-457,-6,2
-457,-5,2
-457,-4,5
-457,-3,5
-457,-2,3
-457,-1,2
-456,-10,4
-456,-9,5
-456,-8,5
-456,-7,4
-456,-6,1
-456,-5,1
-456,-4,2
-456,-3,4
-456,-2,4
-456,-1,1
-455,-10,3
-455,-9,1
-455,-8,4
-455,-7,1
-455,-6,3
-455,-5,4
-455,-4,5
-455,-3,2
-455,-2,5
-455,-1,2
-454,-10,5
-454,-9,3
-454,-8,1
-454,-7,4
-454,-6,1
-454,-5,5
-454,-4,5
-454,-3,3
-454,-2,2
-454,-1,5
-453,-10,1
-453,-9,1
-453,-8,2
-453,-7,1
-453,-6,1
-453,-5,3
-453,-4,3
-453,-3,1
-453,-2,3
-453,-1,3
-452,-10,5
-452,-9,3
-452,-8,5
-452,-7,4
-452,-6,2
-452,-5,2
-452,-4,4
-452,-3,2
-452,-2,1
-452,-1,4
-451,-10,3
-451,-9,4
-451,-8,1
-451,-7,1
-451,-6,2
-451,-5,2
-451,-4,4
-451,-3,1
-451,-2,4
-451,-1,2
-450,-10,2
-450,-9,5
-450,-8,2
-450,-7,5
-450,-6,5
-450,-5,2
-450,-4,4
-450,-3,4
-450,-2,1
-450,-1,1
-449,-10,1
-449,-9,5
-449,-8,5
-449,-7,2
-449,-6,3
-449,-5,3
-449,-4,3
-449,-3,2
-449,-2,3
-449,-1,5
-448,-10,2
-448,-9,4
-448,-8,2
-448,-7,4
-448,-6,3
-448,-5,3
-448,-4,1
-448,-3,2
-448,-2,5
-448,-1,5
-447,-10,4
-447,-9,2
-447,-8,3
-447,-7,2
-447,-6,2
-447,-5,5
-447,-4,1
-447,-3,1
-447,-2,4
-447,-1,1
-446,-10,3
-446,-9,1
-446,-8,2
-446,-7,1
-446,-6,3
-446,-5,3
-446,-4,5
-446,-3,4
-446,-2,4
-446,-1,4
-445,-10,4
-445,-9,3
-445,-8,4
-445,-7,4
-445,-6,1
-445,-5,3
-445,-4,4
-445,-3,4
-445,-2,2
-445,-1,3
-444,-10,1
-444,-9,3
-444,-8,5
-444,-7,1
-444,-6,3
-444,-5,4
-444,-4,2
-444,-3,3
-444,-2,5
-444,-1,4
-443,-10,2
-443,-9,3
-443,-8,4
-443,-7,2
-443,-6,2
-443,-5,1
-443,-4,3
-443,-3,1
-443,-2,1
-443,-1,5
-442,-10,4
-442,-9,2
-442,-8,3
-442,-7,1
-442,-6,1
-442,-5,2
-442,-4,3
-442,-3,4
-442,-2,2
-442,-1,4
-441,-10,1
-441,-9,3
-441,-8,4
-441,-7,1
-441,-6,5
-441,-5,1
-441,-4,1
-441,-3,1
-441,-2,3
-441,-1,4
-440,-10,1
-440,-9,2
-440,-8,5
-440,-7,1
-440,-6,3
-440,-5,2
-440,-4,4
-440,-3,2
-440,-2,3
-440,-1,5
-439,-10,1
-439,-9,3
-439,-8,3
-439,-7,3
-439,-6,5
-439,-5,4
-439,-4,5
-439,-3,4
-439,-2,1
-439,-1,2
-438,-10,1
-438,-9,4
-438,-8,2
-438,-7,1
-438,-6,3
-438,-5,4
-438,-4,4
-438,-3,3
-438,-2,3
-438,-1,1
-437,-10,5
-437,-9,2
-437,-8,3
-437,-7,2
-437,-6,4
-437,-5,3
-437,-4,3
-437,-3,3
-437,-2,3
-437,-1,4
-436,-10,3
-436,-9,2
-436,-8,1
-436,-7,3
-436,-6,3
-436,-5,3
-436,-4,1
-436,-3,2
-436,-2,2
-436,-1,1
-435,-10,1
-435,-9,3
-435,-8,1
-435,-7,2
-435,-6,3
-435,-5,3
-435,-4,5
-435,-3,4
-435,-2,3
-435,-1,4
-434,-10,3
-434,-9,2
-434,-8,5
-434,-7,2
-434,-6,5
-434,-5,5
-434,-4,5
-434,-3,1
-434,-2,4
-434,-1,3
-433,-10,2
-433,-9,2
-433,-8,1
-433,-7,2
-433,-6,5
-433,-5,5
-433,-4,4
-433,-3,5
-433,-2,4
-433,-1,5
-432,-10,4
-432,-9,2
-432,-8,1
-432,-7,2
-432,-6,1
-432,-5,3
-432,-4,2
-432,-3,2
-432,-2,4
-432,-1,2
-431,-10,3
-431,-9,5
-431,-8,5
-431,-7,5
-431,-6,2
-431,-5,1
-431,-4,2
-431,-3,4
-431,-2,3
-431,-1,4
-430,-10,4
-430,-9,5
-430,-8,4
-430,-7,5
-430,-6,5
-430,-5,5
-430,-4,2
-430,-3,4
-430,-2,3
-430,-1,4
-429,-10,4
-429,-9,1
-429,-8,1
-429,-7,4
-429,-6,1
-429,-5,2
-429,-4,1
-429,-3,3
-429,-2,2
-429,-1,2
-428,-10,3
-428,-9,4
-428,-8,2
-428,-7,2
-428,-6,5
-428,-5,3
-428,-4,2
-428,-3,2
-428,-2,1
-428,-1,4
-427,-10,4
-427,-9,5
-427,-8,2
-427,-7,5
-427,-6,2
-427,-5,4
-427,-4,4
-427,-3,1
-427,-2,3
-427,-1,2
-426,-10,2
-426,-9,3
-426,-8,4
-426,-7,1
-426,-6,3
-426,-5,2
-426,-4,4
-426,-3,2
-426,-2,5
-426,-1,5
-425,-10,5
-425,-9,5
-425,-8,3
-425,-7,2
-425,-6,1
-425,-5,5
-425,-4,4
-425,-3,2
-425,-2,1
-425,-1,2
-424,-10,3
-424,-9,5
-424,-8,4
-424,-7,4
-424,-6,1
-424,-5,5
-424,-4,4
-424,-3,1
-424,-2,2
-424,-1,2
-423,-10,3
-423,-9,1
-423,-8,5
-423,-7,1
-423,-6,5
-423,-5,5
-423,-4,5
-423,-3,1
-423,-2,5
-423,-1,3
-422,-10,4
-422,-9,1
-422,-8,2
-422,-7,1
-422,-6,4
-422,-5,4
-422,-4,3
-422,-3,1
-422,-2,4
-422,-1,3
-421,-10,1
-421,-9,2
-421,-8,1
-421,-7,1
-421,-6,4
-421,-5,2
-421,-4,5
-421,-3,5
-421,-2,1
-421,-1,3
-420,-10,4
-420,-9,4
-420,-8,5
-420,-7,3
-420,-6,2
-420,-5,5
-420,-4,5
-420,-3,2
-420,-2,2
-420,-1,1
-419,-10,5
-419,-9,3
-419,-8,3
-419,-7,3
-419,-6,4
-419,-5,2
-419,-4,4
-419,-3,3
-419,-2,5
-419,-1,2
-418,-10,3
-418,-9,4
-418,-8,2
-418,-7,5
-418,-6,2
-418,-5,2
-418,-4,5
-418,-3,4
-418,-2,2
-418,-1,4
-417,-10,1
-417,-9,5
-417,-8,1
-417,-7,2
-417,-6,5
-417,-5,1
-417,-4,1
-417,-3,4
-417,-2,4
-417,-1,5
-416,-10,4
-416,-9,1
-416,-8,4
-416,-7,3
-416,-6,3
-416,-5,3
-416,-4,5
-416,-3,4
-416,-2,3
-416,-1,3
-415,-10,4
-415,-9,3
-415,-8,1
-415,-7,5
-415,-6,1
-415,-5,5
-415,-4,2
-415,-3,5
-415,-2,2
-415,-1,1
-414,-10,1
-414,-9,2
-414,-8,5
-414,-7,4
-414,-6,1
-414,-5,1
-414,-4,3
-414,-3,2
-414,-2,3
-414,-1,4
-413,-10,2
-413,-9,5
-413,-8,5
-413,-7,1
-413,-6,3
-413,-5,2
-413,-4,1
-413,-3,5
-413,-2,3
-413,-1,4
-412,-10,2
-412,-9,1
-412,-8,2
-412,-7,5
-412,-6,5
-412,-5,3
-412,-4,5
-412,-3,1
-412,-2,1
-412,-1,1
-411,-10,4
-411,-9,1
-411,-8,3
-411,-7,3
-411,-6,4
-411,-5,3
-411,-4,2
-411,-3,5
-411,-2,2
-411,-1,2
-410,-10,1
-410,-9,4
-410,-8,2
-410,-7,5
-410,-6,2
-410,-5,5
-410,-4,4
-410,-3,5
-410,-2,2
-410,-1,4
-409,-10,4
-409,-9,3
-409,-8,3
-409,-7,3
-409,-6,5
-409,-5,1
-409,-4,1
-409,-3,5
-409,-2,4
-409,-1,3
-408,-10,1
-408,-9,2
-408,-8,1
-408,-7,2
-408,-6,5
-408,-5,1
-408,-4,2
-408,-3,2
-408,-2,2
-408,-1,1
-407,-10,1
-407,-9,1
-407,-8,3
-407,-7,1
-407,-6,4
-407,-5,4
-407,-4,5
-407,-3,3
-407,-2,4
-407,-1,1
-406,-10,5
-406,-9,1
-406,-8,4
-406,-7,3
-406,-6,3
-406,-5,2
-406,-4,4
-406,-3,5
-406,-2,4
-406,-1,4
-405,-10,3
-405,-9,2
-405,-8,2
-405,-7,5
-405,-6,2
-405,-5,4
-405,-4,3
-405,-3,5
-405,-2,5
-405,-1,1
-404,-10,3
-404,-9,2
-404,-8,3
-404,-7,2
-404,-6,3
-404,-5,4
-404,-4,1
-404,-3,2
-404,-2,5
-404,-1,1
-403,-10,1
-403,-9,4
-403,-8,2
-403,-7,4
-403,-6,4
-403,-5,1
-403,-4,3
-403,-3,4
-403,-2,5
-403,-1,4
-402,-10,2
-402,-9,2
-402,-8,3
-402,-7,4
-402,-6,3
-402,-5,5
-402,-4,5
-402,-3,3
-402,-2,5
-402,-1,5
-401,-10,2
-401,-9,5
-401,-8,3
-401,-7,3
-401,-6,3
-401,-5,4
-401,-4,3
-401,-3,3
-401,-2,5
-401,-1,5
-400,-10,2
-400,-9,3
-400,-8,1
-400,-7,4
-400,-6,3
-400,-5,5
-400,-4,5
-400,-3,3
-400,-2,2
-400,-1,1
-399,-10,2
-399,-9,5
-399,-8,5
-399,-7,2
-399,-6,4
-399,-5,2
-399,-4,5
-399,-3,5
-399,-2,4
-399,-1,4
-398,-10,4
-398,-9,3
-398,-8,2
-398,-7,5
-398,-6,5
-398,-5,2
-398,-4,1
-398,-3,4
-398,-2,2
-398,-1,1
-397,-10,3
-397,-9,1
-397,-8,4
-397,-7,1
-397,-6,3
-397,-5,5
-397,-4,2
-397,-3,4
-397,-2,1
-397,-1,4
-396,-10,5
-396,-9,2
-396,-8,2
-396,-7,4
-396,-6,4
-396,-5,2
-396,-4,5
-396,-3,2
-396,-2,5
-396,-1,2
-395,-10,4
-395,-9,4
-395,-8,4
-395,-7,2
-395,-6,1
-395,-5,4
-395,-4,1
-395,-3,1
-395,-2,5
-395,-1,2
-394,-10,4
-394,-9,2
-394,-8,2
-394,-7,1
-394,-6,4
-394,-5,1
-394,-4,1
-394,-3,5
-394,-2,4
-394,-1,5
-393,-10,5
-393,-9,1
-393,-8,4
-393,-7,1
-393,-6,4
-393,-5,3
-393,-4,1
-393,-3,3
-393,-2,2
-393,-1,3
-392,-10,2
-392,-9,4
-392,-8,5
-392,-7,5
-392,-6,2
-392,-5,4
-392,-4,3
-392,-3,3
-392,-2,1
-392,-1,4
-391,-10,5
-391,-9,2
-391,-8,5
-391,-7,4
-391,-6,5
-391,-5,4
-391,-4,5
-391,-3,2
-391,-2,1
-391,-1,3
-390,-10,1
-390,-9,1
-390,-8,3
-390,-7,5
-390,-6,2
-390,-5,4
-390,-4,5
-390,-3,4
-390,-2,4
-390,-1,4
-389,-10,4
-389,-9,3
-389,-8,4
-389,-7,2
-389,-6,5
-389,-5,1
-389,-4,3
-389,-3,2
-389,-2,5
-389,-1,5
-388,-10,4
-388,-9,4
-388,-8,4
-388,-7,1
-388,-6,1
-388,-5,4
-388,-4,1
-388,-3,5
-388,-2,1
-388,-1,5
-387,-10,3
-387,-9,5
-387,-8,3
-387,-7,4
-387,-6,2
-387,-5,1
-387,-4,1
-387,-3,5
-387,-2,4
-387,-1,3
-386,-10,5
-386,-9,5
-386,-8,5
-386,-7,3
-386,-6,5
-386,-5,2
-386,-4,3
-386,-3,3
-386,-2,4
-386,-1,5
-385,-10,2
-385,-9,3
-385,-8,2
-385,-7,2
-385,-6,5
-385,-5,3
-385,-4,2
-385,-3,3
-385,-2,5
-385,-1,3
-384,-10,3
-384,-9,5
-384,-8,3
-384,-7,4
-384,-6,1
-384,-5,5
-384,-4,1
-384,-3,1
-384,-2,1
-384,-1,5
-383,-10,5
-383,-9,3
-383,-8,4
-383,-7,2
-383,-6,1
-383,-5,5
-383,-4,5
-383,-3,2
-383,-2,1
-383,-1,4
-382,-10,2
-382,-9,4
-382,-8,1
-382,-7,2
-382,-6,4
-382,-5,5
-382,-4,3
-382,-3,2
-382,-2,5
-382,-1,5
-381,-10,5
-381,-9,4
-381,-8,5
-381,-7,1
-381,-6,1
-381,-5,5
-381,-4,2
-381,-3,1
-381,-2,2
-381,-1,1
-380,-10,2
-380,-9,3
-380,-8,3
-380,-7,5
-380,-6,5
-380,-5,4
-380,-4,5
-380,-3,5
-380,-2,2
-380,-1,1
-379,-10,3
-379,-9,5
-379,-8,2
-379,-7,2
-379,-6,2
-379,-5,5
-379,-4,5
-379,-3,2
-379,-2,1
-379,-1,2
-378,-10,2
-378,-9,5
-378,-8,1
-378,-7,1
-378,-6,5
-378,-5,2
-378,-4,4
-378,-3,3
-378,-2,2
-378,-1,1
-377,-10,3
-377,-9,4
-377,-8,1
-377,-7,5
-377,-6,3
-377,-5,5
-377,-4,1
-377,-3,2
-377,-2,2
-377,-1,5
-376,-10,5
-376,-9,4
-376,-8,1
-376,-7,4
-376,-6,3
-376,-5,5
-376,-4,2
-376,-3,4
-376,-2,5
-376,-1,2
-375,-10,1
-375,-9,1
-375,-8,1
-375,-7,1
-375,-6,5
-375,-5,3
-375,-4,2
-375,-3,2
-375,-2,1
-375,-1,4
-374,-10,1
-374,-9,3
-374,-8,4
-374,-7,1
-374,-6,4
-374,-5,4
-374,-4,5
-374,-3,3
-374,-2,5
-374,-1,2
-373,-10,4
-373,-9,4
-373,-8,5
-373,-7,1
-373,-6,2
-373,-5,4
-373,-4,5
-373,-3,2
-373,-2,4
-373,-1,1
-372,-10,5
-372,-9,5
-372,-8,3
-372,-7,5
-372,-6,1
-372,-5,2
-372,-4,4
-372,-3,1
-372,-2,1
-372,-1,1
-371,-10,4
-371,-9,5
-371,-8,1
-371,-7,4
-371,-6,5
-371,-5,3
-371,-4,5
-371,-3,1
-371,-2,1
-371,-1,4
-370,-10,1
-370,-9,5
-370,-8,5
-370,-7,4
-370,-6,3
-370,-5,3
-370,-4,1
-370,-3,1
-370,-2,4
-370,-1,2
-369,-10,3
-369,-9,5
-369,-8,4
-369,-7,5
-369,-6,4
-369,-5,1
-369,-4,5
-369,-3,4
-369,-2,5
-369,-1,2
-368,-10,1
-368,-9,5
-368,-8,3
-368,-7,4
-368,-6,4
-368,-5,5
-368,-4,3
-368,-3,2
-368,-2,2
-368,-1,4
-367,-10,4
-367,-9,5
-367,-8,2
-367,-7,1
-367,-6,1
-367,-5,1
-367,-4,1
-367,-3,5
-367,-2,3
-367,-1,4
-366,-10,1
-366,-9,3
-366,-8,2
-366,-7,4
-366,-6,3
-366,-5,4
-366,-4,1
-366,-3,2
-366,-2,5
-366,-1,4
-365,-10,3
-365,-9,2
-365,-8,1
-365,-7,5
-365,-6,3
-365,-5,2
-365,-4,3
-365,-3,1
-365,-2,5
-365,-1,4
-364,-10,5
-364,-9,5
-364,-8,5
-364,-7,1
-364,-6,4
-364,-5,4
-364,-4,4
-364,-3,4
-364,-2,5
-364,-1,4
-363,-10,1
-363,-9,1
-363,-8,2
-363,-7,1
-363,-6,1
-363,-5,3
-363,-4,3
-363,-3,4
-363,-2,2
-363,-1,1
-362,-10,4
-362,-9,1
-362,-8,2
-362,-7,3
-362,-6,1
-362,-5,3
-362,-4,4
-362,-3,2
-362,-2,3
-362,-1,5
-361,-10,4
-361,-9,5
-361,-8,5
-361,-7,4
-361,-6,4
-361,-5,2
-361,-4,4
-361,-3,2
-361,-2,1
-361,-1,4
-360,-10,1
-360,-9,3
-360,-8,3
-360,-7,2
-360,-6,3
-360,-5,3
-360,-4,5
-360,-3,1
-360,-2,4
-360,-1,5
-359,-10,4
-359,-9,4
-359,-8,4
-359,-7,5
-359,-6,1
-359,-5,5
-359,-4,3
-359,-3,2
-359,-2,5
-359,-1,1
-358,-10,1
-358,-9,2
-358,-8,1
-358,-7,5
-358,-6,5
-358,-5,1
-358,-4,1
-358,-3,4
-358,-2,2
-358,-1,5
-357,-10,4
-357,-9,2
-357,-8,4
-357,-7,4
-357,-6,1
-357,-5,2
-357,-4,4
-357,-3,1
-357,-2,1
-357,-1,3
-356,-10,3
-356,-9,3
-356,-8,4
-356,-7,3
-356,-6,2
-356,-5,5
-356,-4,2
-356,-3,1
-356,-2,4
-356,-1,5
-355,-10,4
-355,-9,3
-355,-8,2
-355,-7,5
-355,-6,3
-355,-5,4
-355,-4,2
-355,-3,3
-355,-2,3
-355,-1,3
-354,-10,3
-354,-9,2
-354,-8,5
-354,-7,5
-354,-6,1
-354,-5,2
-354,-4,1
-354,-3,5
-354,-2,5
-354,-1,4
-353,-10,1
-353,-9,3
-353,-8,2
-353,-7,2
-353,-6,4
-353,-5,4
-353,-4,4
-353,-3,4
-353,-2,4
-353,-1,5
-352,-10,5
-352,-9,5
-352,-8,5
-352,-7,2
-352,-6,1
-352,-5,2
-352,-4,1
-352,-3,4
-352,-2,2
-352,-1,2
-351,-10,5
-351,-9,2
-351,-8,4
-351,-7,3
-351,-6,1
-351,-5,2
-351,-4,4
-351,-3,5
-351,-2,2
-351,-1,5
-350,-10,5
-350,-9,2
-350,-8,2
-350,-7,5
-350,-6,5
-350,-5,2
-350,-4,2
-350,-3,5
-350,-2,2
-350,-1,5
-349,-10,1
-349,-9,4
-349,-8,4
-349,-7,3
-349,-6,4
-349,-5,3
-349,-4,2
-349,-3,3
-349,-2,4
-349,-1,5
-348,-10,2
-348,-9,2
-348,-8,4
-348,-7,3
-348,-6,4
-348,-5,4
-348,-4,5
-348,-3,4
-348,-2,2
-348,-1,2
-347,-10,5
-347,-9,4
-347,-8,2
-347,-7,5
-347,-6,1
-347,-5,3
-347,-4,4
-347,-3,1
-347,-2,2
-347,-1,5
-346,-10,1
-346,-9,1
-346,-8,3
-346,-7,2
-346,-6,2
-346,-5,2
-346,-4,4
-346,-3,1
-346,-2,5
-346,-1,3
-345,-10,5
-345,-9,1
-345,-8,1
-345,-7,3
-345,-6,3
-345,-5,3
-345,-4,3
-345,-3,4
-345,-2,2
-345,-1,1
-344,-10,2
-344,-9,3
-344,-8,4
-344,-7,5
-344,-6,5
-344,-5,2
-344,-4,3
-344,-3,4
-344,-2,2
-344,-1,1
-343,-10,5
-343,-9,2
-343,-8,2
-343,-7,5
-343,-6,4
-343,-5,1
-343,-4,5
-343,-3,3
-343,-2,2
-343,-1,3
-342,-10,1
-342,-9,4
-342,-8,4
-342,-7,4
-342,-6,2
-342,-5,5
-342,-4,4
-342,-3,4
-342,-2,2
-342,-1,3
-341,-10,1
-341,-9,1
-341,-8,5
-341,-7,1
-341,-6,3
-341,-5,3
-341,-4,2
-341,-3,3
-341,-2,2
-341,-1,5
-340,-10,5
-340,-9,1
-340,-8,5
-340,-7,5
-340,-6,4
-340,-5,4
-340,-4,5
-340,-3,2
-340,-2,4
-340,-1,2
-339,-10,4
-339,-9,1
-339,-8,2
-339,-7,4
-339,-6,1
-339,-5,4
-339,-4,4
-339,-3,1
-339,-2,3
-339,-1,1
-338,-10,4
-338,-9,4
-338,-8,2
-338,-7,5
-338,-6,1
-338,-5,5
-338,-4,3
-338,-3,1
-338,-2,2
-338,-1,2
-337,-10,5
-337,-9,2
-337,-8,1
-337,-7,2
-337,-6,4
-337,-5,5
-337,-4,5
-337,-3,5
-337,-2,5
-337,-1,4
-336,-10,1
-336,-9,2
-336,-8,5
-336,-7,5
-336,-6,5
-336,-5,1
-336,-4,4
-336,-3,1
-336,-2,5
-336,-1,5
-335,-10,5
-335,-9,2
-335,-8,5
-335,-7,2
-335,-6,2
-335,-5,1
-335,-4,4
-335,-3,5
-335,-2,4
-335,-1,5
-334,-10,1
-334,-9,4
-334,-8,1
-334,-7,3
-334,-6,3
-334,-5,2
-334,-4,5
-334,-3,1
-334,-2,1
-334,-1,1
-333,-10,4
-333,-9,4
-333,-8,1
-333,-7,5
-333,-6,5
-333,-5,2
-333,-4,5
-333,-3,2
-333,-2,1
-333,-1,1
-332,-10,2
-332,-9,3
-332,-8,1
-332,-7,3
-332,-6,3
-332,-5,3
-332,-4,3
-332,-3,5
-332,-2,1
-332,-1,3
-331,-10,2
-331,-9,5
-331,-8,2
-331,-7,5
-331,-6,3
-331,-5,2
-331,-4,2
-331,-3,3
-331,-2,3
-331,-1,3
-330,-10,1
-330,-9,3
-330,-8,5
-330,-7,5
-330,-6,1
-330,-5,1
-330,-4,1
-330,-3,1
-330,-2,2
-330,-1,1
-329,-10,1
-329,-9,2
-329,-8,5
-329,-7,4
-329,-6,4
-329,-5,4
-329,-4,4
-329,-3,3
-329,-2,1
-329,-1,1
-328,-10,4
-328,-9,1
-328,-8,1
-328,-7,3
-328,-6,5
-328,-5,5
-328,-4,3
-328,-3,1
-328,-2,2
-328,-1,3
-327,-10,5
-327,-9,3
-327,-8,5
-327,-7,3
-327,-6,5
-327,-5,4
-327,-4,3
-327,-3,2
-327,-2,3
-327,-1,3
-326,-10,2
-326,-9,3
-326,-8,3
-326,-7,5
-326,-6,2
-326,-5,1
-326,-4,1
-326,-3,3
-326,-2,2
-326,-1,4
-325,-10,4
-325,-9,4
-325,-8,2
-325,-7,2
-325,-6,4
-325,-5,1
-325,-4,3
-325,-3,2
-325,-2,5
-325,-1,2
-324,-10,3
-324,-9,5
-324,-8,4
-324,-7,4
-324,-6,1
-324,-5,4
-324,-4,2
-324,-3,3
-324,-2,4
-324,-1,1
-323,-10,2
-323,-9,2
-323,-8,1
-323,-7,4
-323,-6,4
-323,-5,2
-323,-4,4
-323,-3,1
-323,-2,2
-323,-1,4
-322,-10,5
-322,-9,1
-322,-8,5
-322,-7,4
-322,-6,5
-322,-5,2
-322,-4,1
-322,-3,4
-322,-2,4
-322,-1,5
-321,-10,1
-321,-9,2
-321,-8,2
-321,-7,2
-321,-6,5
-321,-5,2
-321,-4,5
-321,-3,4
-321,-2,5
-321,-1,3
-320,-10,4
-320,-9,3
-320,-8,5
-320,-7,2
-320,-6,3
-320,-5,2
-320,-4,3
-320,-3,4
-320,-2,4
-320,-1,3
-319,-10,3
-319,-9,3
-319,-8,1
-319,-7,1
-319,-6,2
-319,-5,2
-319,-4,1
-319,-3,1
-319,-2,5
-319,-1,4
-318,-10,4
-318,-9,4
-318,-8,4
-318,-7,5
-318,-6,5
-318,-5,1
-318,-4,1
-318,-3,5
-318,-2,4
-318,-1,2
-317,-10,3
-317,-9,5
-317,-8,1
-317,-7,4
-317,-6,1
-317,-5,2
-317,-4,2
-317,-3,4
-317,-2,1
-317,-1,3
-316,-10,4
-316,-9,2
-316,-8,5
-316,-7,2
-316,-6,3
-316,-5,3
-316,-4,1
-316,-3,1
-316,-2,5
-316,-1,3
-315,-10,2
-315,-9,5
-315,-8,4
-315,-7,1
-315,-6,5
-315,-5,5
-315,-4,5
-315,-3,5
-315,-2,2
-315,-1,3
-314,-10,2
-314,-9,4
-314,-8,1
-314,-7,2
-314,-6,1
-314,-5,3
-314,-4,2
-314,-3,3
-314,-2,1
-314,-1,1
-313,-10,1
-313,-9,3
-313,-8,5
-313,-7,3
-313,-6,1
-313,-5,2
-313,-4,4
-313,-3,3
-313,-2,2
-313,-1,3
-312,-10,5
-312,-9,5
-312,-8,1
-312,-7,1
-312,-6,1
-312,-5,3
-312,-4,2
-312,-3,5
-312,-2,4
-312,-1,1
-311,-10,2
-311,-9,2
-311,-8,3
-311,-7,3
-311,-6,1
-311,-5,1
-311,-4,2
-311,-3,4
-311,-2,1
-311,-1,5
-310,-10,2
-310,-9,4
-310,-8,1
-310,-7,4
-310,-6,3
-310,-5,4
-310,-4,5
-310,-3,1
-310,-2,1
-310,-1,3
-309,-10,2
-309,-9,3
-309,-8,4
-309,-7,5
-309,-6,4
-309,-5,3
-309,-4,3
-309,-3,5
-309,-2,1
-309,-1,3
-308,-10,2
-308,-9,3
-308,-8,4
-308,-7,1
-308,-6,5
-308,-5,5
-308,-4,1
-308,-3,2
-308,-2,3
-308,-1,1
-307,-10,5
-307,-9,5
-307,-8,2
-307,-7,2
-307,-6,1
-307,-5,2
-307,-4,4
-307,-3,3
-307,-2,4
-307,-1,3
-306,-10,4
-306,-9,1
-306,-8,5
-306,-7,1
-306,-6,5
-306,-5,5
-306,-4,4
-306,-3,4
-306,-2,5
-306,-1,3
-305,-10,3
-305,-9,3
-305,-8,4
-305,-7,4
-305,-6,4
-305,-5,5
-305,-4,5
-305,-3,1
-305,-2,5
-305,-1,4
-304,-10,4
-304,-9,3
-304,-8,4
-304,-7,5
-304,-6,4
-304,-5,2
-304,-4,1
-304,-3,2
-304,-2,4
-304,-1,3
-303,-10,4
-303,-9,1
-303,-8,2
-303,-7,3
-303,-6,5
-303,-5,1
-303,-4,3
-303,-3,3
-303,-2,1
-303,-1,5
-302,-10,2
-302,-9,3
-302,-8,3
-302,-7,5
-302,-6,3
-302,-5,3
-302,-4,2
-302,-3,4
-302,-2,3
-302,-1,2
-301,-10,2
-301,-9,4
-301,-8,4
-301,-7,5
-301,-6,4
-301,-5,1
-301,-4,2
-301,-3,5
-301,-2,3
-301,-1,4
-300,-10,4
-300,-9,2
-300,-8,5
-300,-7,3
-300,-6,5
-300,-5,3
-300,-4,1
-300,-3,1
-300,-2,4
-300,-1,4
-299,-10,2
-299,-9,2
-299,-8,5
-299,-7,5
-299,-6,3
-299,-5,2
-299,-4,1
-299,-3,5
-299,-2,3
-299,-1,1
-298,-10,5
-298,-9,3
-298,-8,4
-298,-7,2
-298,-6,1
-298,-5,1
-298,-4,2
-298,-3,2
-298,-2,5
-298,-1,4
-297,-10,4
-297,-9,3
-297,-8,1
-297,-7,3
-297,-6,1
-297,-5,5
-297,-4,3
-297,-3,1
-297,-2,1
-297,-1,1
-296,-10,2
-296,-9,1
-296,-8,5
-296,-7,5
-296,-6,1
-296,-5,5
-296,-4,5
-296,-3,4
-296,-2,3
-296,-1,3
-295,-10,1
-295,-9,3
-295,-8,3
-295,-7,3
-295,-6,4
-295,-5,2
-295,-4,4
-295,-3,4
-295,-2,2
-295,-1,4
-294,-10,1
-294,-9,5
-294,-8,2
-294,-7,5
-294,-6,5
-294,-5,5
-294,-4,2
-294,-3,2
-294,-2,4
-294,-1,3
-293,-10,4
-293,-9,1
-293,-8,5
-293,-7,3
-293,-6,5
-293,-5,5
-293,-4,3
-293,-3,4
-293,-2,2
-293,-1,2
-292,-10,2
-292,-9,4
-292,-8,4
-292,-7,2
-292,-6,4
-292,-5,2
-292,-4,5
-292,-3,4
-292,-2,5
-292,-1,5
-291,-10,2
-291,-9,4
-291,-8,4
-291,-7,2
-291,-6,5
-291,-5,3
-291,-4,5
-291,-3,5
-291,-2,1
-291,-1,2
-290,-10,3
-290,-9,3
-290,-8,5
-290,-7,1
-290,-6,4
-290,-5,5
-290,-4,4
-290,-3,1
-290,-2,3
-290,-1,5
-289,-10,5
-289,-9,5
-289,-8,3
-289,-7,1
-289,-6,3
-289,-5,3
-289,-4,1
-289,-3,5
-289,-2,1
-289,-1,3
-288,-10,5
-288,-9,4
-288,-8,3
-288,-7,5
-288,-6,2
-288,-5,1
-288,-4,2
-288,-3,3
-288,-2,3
-288,-1,2
-287,-10,5
-287,-9,3
-287,-8,4
-287,-7,1
-287,-6,4
-287,-5,5
-287,-4,4
-287,-3,4
-287,-2,4
-287,-1,5
-286,-10,4
-286,-9,5
-286,-8,1
-286,-7,1
-286,-6,5
-286,-5,2
-286,-4,2
-286,-3,4
-286,-2,4
-286,-1,3
-285,-10,2
-285,-9,5
-285,-8,5
-285,-7,3
-285,-6,2
-285,-5,5
-285,-4,5
-285,-3,5
-285,-2,4
-285,-1,4
-284,-10,3
-284,-9,1
-284,-8,3
-284,-7,2
-284,-6,5
-284,-5,2
-284,-4,1
-284,-3,3
-284,-2,2
-284,-1,4
-283,-10,4
-283,-9,3
-283,-8,2
-283,-7,2
-283,-6,4
-283,-5,5
-283,-4,4
-283,-3,3
-283,-2,5
-283,-1,5
-282,-10,4
-282,-9,4
-282,-8,4
-282,-7,1
-282,-6,5
-282,-5,1
-282,-4,4
-282,-3,1
-282,-2,4
-282,-1,5
-281,-10,5
-281,-9,4
-281,-8,5
-281,-7,5
-281,-6,2
-281,-5,3
-281,-4,2
-281,-3,5
-281,-2,1
-281,-1,4
-280,-10,2
-280,-9,5
-280,-8,2
-280,-7,5
-280,-6,4
-280,-5,5
-280,-4,4
-280,-3,3
-280,-2,4
-280,-1,2
-279,-10,2
-279,-9,2
-279,-8,5
-279,-7,5
-279,-6,5
-279,-5,5
-279,-4,2
-279,-3,3
-279,-2,2
-279,-1,5
-278,-10,3
-278,-9,1
-278,-8,4
-278,-7,3
-278,-6,5
-278,-5,5
-278,-4,3
-278,-3,2
-278,-2,5
-278,-1,2
-277,-10,4
-277,-9,5
-277,-8,2
-277,-7,2
-277,-6,4
-277,-5,5
-277,-4,2
-277,-3,5
-277,-2,2
-277,-1,1
-276,-10,3
-276,-9,1
-276,-8,2
-276,-7,2
-276,-6,4
-276,-5,3
-276,-4,4
-276,-3,5
-276,-2,5
-276,-1,3
-275,-10,2
-275,-9,5
-275,-8,3
-275,-7,2
-275,-6,1
-275,-5,1
-275,-4,1
-275,-3,5
-275,-2,1
-275,-1,5
-274,-10,2
-274,-9,2
-274,-8,4
-274,-7,3
-274,-6,4
-274,-5,2
-274,-4,1
-274,-3,4
-274,-2,2
-274,-1,1
-273,-10,4
-273,-9,3
-273,-8,1
-273,-7,1
-273,-6,3
-273,-5,3
-273,-4,4
-273,-3,3
-273,-2,5
-273,-1,2
-272,-10,1
-272,-9,3
-272,-8,2
-272,-7,3
-272,-6,5
-272,-5,4
-272,-4,2
-272,-3,1
-272,-2,1
-272,-1,3
-271,-10,4
-271,-9,2
-271,-8,4
-271,-7,3
-271,-6,4
-271,-5,1
-271,-4,3
-271,-3,4
-271,-2,3
-271,-1,2
-270,-10,3
-270,-9,1
-270,-8,4
-270,-7,5
-270,-6,5
-270,-5,4
-270,-4,4
-270,-3,3
-270,-2,5
-270,-1,4
-269,-10,2
-269,-9,3
-269,-8,5
-269,-7,5
-269,-6,4
-269,-5,4
-269,-4,1
-269,-3,1
-269,-2,4
-269,-1,5
-268,-10,1
-268,-9,1
-268,-8,3
-268,-7,4
-268,-6,3
-268,-5,2
-268,-4,5
-268,-3,4
-268,-2,3
-268,-1,3
-267,-10,5
-267,-9,1
-267,-8,5
-267,-7,4
-267,-6,5
-267,-5,1
-267,-4,5
-267,-3,3
-267,-2,4
-267,-1,1
-266,-10,1
-266,-9,5
-266,-8,1
-266,-7,3
-266,-6,2
-266,-5,1
-266,-4,2
-266,-3,5
-266,-2,4
-266,-1,5
-265,-10,5
-265,-9,3
-265,-8,1
-265,-7,3
-265,-6,2
-265,-5,3
-265,-4,3
-265,-3,1
-265,-2,2
-265,-1,3
-264,-10,5
-264,-9,5
-264,-8,5
-264,-7,3
-264,-6,4
-264,-5,2
-264,-4,3
-264,-3,2
-264,-2,5
-264,-1,4
-263,-10,5
-263,-9,4
-263,-8,3
-263,-7,3
-263,-6,5
-263,-5,1
-263,-4,5
-263,-3,1
-263,-2,3
-263,-1,2
-262,-10,5
-262,-9,1
-262,-8,5
-262,-7,3
-262,-6,3
-262,-5,3
-262,-4,5
-262,-3,3
-262,-2,3
-262,-1,2
-261,-10,3
-261,-9,4
-261,-8,1
-261,-7,1
-261,-6,2
-261,-5,1
-261,-4,5
-261,-3,4
-261,-2,4
-261,-1,5
-260,-10,3
-260,-9,1
-260,-8,5
-260,-7,1
-260,-6,1
-260,-5,2
-260,-4,1
-260,-3,4
-260,-2,4
-260,-1,1
-259,-10,4
-259,-9,2
-259,-8,3
-259,-7,1
-259,-6,4
-259,-5,5
-259,-4,1
-259,-3,3
-259,-2,5
-259,-1,2
-258,-10,3
-258,-9,1
-258,-8,5
-258,-7,4
-258,-6,1
-258,-5,1
-258,-4,3
-258,-3,2
-258,-2,1
-258,-1,4
-257,-10,2
-257,-9,2
-257,-8,3
-257,-7,4
-257,-6,4
-257,-5,5
-257,-4,2
-257,-3,4
-257,-2,2
-257,-1,2
-256,-10,3
-256,-9,2
-256,-8,4
-256,-7,2
-256,-6,4
-256,-5,2
-256,-4,2
-256,-3,1
-256,-2,3
-256,-1,3
-255,-10,1
-255,-9,2
-255,-8,4
-255,-7,2
-255,-6,3
-255,-5,2
-255,-4,1
-255,-3,2
-255,-2,1
-255,-1,5
-254,-10,4
-254,-9,4
-254,-8,3
-254,-7,1
-254,-6,4
-254,-5,2
-254,-4,5
-254,-3,5
-254,-2,2
-254,-1,5
-253,-10,4
-253,-9,2
-253,-8,1
-253,-7,4
-253,-6,5
-253,-5,2
-253,-4,3
-253,-3,3
-253,-2,5
-253,-1,5
-252,-10,5
-252,-9,3
-252,-8,5
-252,-7,4
-252,-6,4
-252,-5,5
-252,-4,3
-252,-3,1
-252,-2,1
-252,-1,2
-251,-10,4
-251,-9,5
-251,-8,4
-251,-7,3
-251,-6,3
-251,-5,4
-251,-4,4
-251,-3,4
-251,-2,4
-251,-1,2
-250,-10,2
-250,-9,2
-250,-8,4
-250,-7,3
-250,-6,4
-250,-5,4
-250,-4,1
-250,-3,5
-250,-2,3
-250,-1,2
-249,-10,5
-249,-9,3
-249,-8,2
-249,-7,2
-249,-6,1
-249,-5,1
-249,-4,5
-249,-3,5
-249,-2,2
-249,-1,4
-248,-10,5
-248,-9,4
-248,-8,5
-248,-7,5
-248,-6,1
-248,-5,4
-248,-4,3
-248,-3,4
-248,-2,1
-248,-1,1
-247,-10,3
-247,-9,4
-247,-8,5
-247,-7,3
-247,-6,3
-247,-5,4
-247,-4,5
-247,-3,2
-247,-2,5
-247,-1,5
-246,-10,4
-246,-9,4
-246,-8,3
-246,-7,5
-246,-6,3
-246,-5,1
-246,-4,3
-246,-3,3
-246,-2,2
-246,-1,3
-245,-10,4
-245,-9,4
-245,-8,2
-245,-7,5
-245,-6,3
-245,-5,3
-245,-4,2
-245,-3,4
-245,-2,2
-245,-1,1
-244,-10,1
-244,-9,3
-244,-8,4
-244,-7,3
-244,-6,4
-244,-5,1
-244,-4,4
-244,-3,5
-244,-2,4
-244,-1,3
-243,-10,2
-243,-9,4
-243,-8,5
-243,-7,3
-243,-6,5
-243,-5,1
-243,-4,1
-243,-3,5
-243,-2,3
-243,-1,1
-242,-10,1
-242,-9,1
-242,-8,3
-242,-7,4
-242,-6,2
-242,-5,4
-242,-4,3
-242,-3,5
-242,-2,5
-242,-1,5
-241,-10,2
-241,-9,1
-241,-8,5
-241,-7,4
-241,-6,4
-241,-5,2
-241,-4,5
-241,-3,1
-241,-2,2
-241,-1,2
-240,-10,3
-240,-9,4
-240,-8,4
-240,-7,5
-240,-6,1
-240,-5,1
-240,-4,5
-240,-3,5
-240,-2,5
-240,-1,3
-239,-10,2
-239,-9,3
-239,-8,2
-239,-7,2
-239,-6,1
-239,-5,1
-239,-4,1
-239,-3,1
-239,-2,1
-239,-1,5
-238,-10,4
-238,-9,4
-238,-8,1
-238,-7,4
-238,-6,1
-238,-5,2
-238,-4,4
-238,-3,1
-238,-2,4
-238,-1,4
-237,-10,2
-237,-9,5
-237,-8,4
-237,-7,1
-237,-6,3
-237,-5,3
-237,-4,2
-237,-3,3
-237,-2,3
-237,-1,2
-236,-10,5
-236,-9,3
-236,-8,5
-236,-7,3
-236,-6,3
-236,-5,4
-236,-4,4
-236,-3,3
-236,-2,4
-236,-1,4
-235,-10,2
-235,-9,4
-235,-8,1
-235,-7,2
-235,-6,4
-235,-5,4
-235,-4,3
-235,-3,5
-235,-2,4
-235,-1,5
-234,-10,2
-234,-9,4
-234,-8,1
-234,-7,2
-234,-6,1
-234,-5,2
-234,-4,4
-234,-3,1
-234,-2,4
-234,-1,3
-233,-10,4
-233,-9,3
-233,-8,4
-233,-7,5
-233,-6,1
-233,-5,1
-233,-4,4
-233,-3,4
-233,-2,1
-233,-1,2
-232,-10,3
-232,-9,1
-232,-8,2
-232,-7,1
-232,-6,2
-232,-5,3
-232,-4,5
-232,-3,3
-232,-2,3
-232,-1,5
-231,-10,5
-231,-9,3
-231,-8,4
-231,-7,3
-231,-6,5
-231,-5,2
-231,-4,3
-231,-3,4
-231,-2,2
-231,-1,2
-230,-10,1
-230,-9,4
-230,-8,5
-230,-7,2
-230,-6,5
-230,-5,5
-230,-4,1
-230,-3,2
-230,-2,1
-230,-1,3
-229,-10,5
-229,-9,5
-229,-8,4
-229,-7,2
-229,-6,3
-229,-5,1
-229,-4,2
-229,-3,1
-229,-2,1
-229,-1,4
-228,-10,3
-228,-9,2
-228,-8,3
-228,-7,5
-228,-6,4
-228,-5,2
-228,-4,4
-228,-3,1
-228,-2,5
-228,-1,5
-227,-10,4
-227,-9,1
-227,-8,3
-227,-7,5
-227,-6,2
-227,-5,5
-227,-4,2
-227,-3,1
-227,-2,2
-227,-1,3
-226,-10,2
-226,-9,4
-226,-8,2
-226,-7,1
-226,-6,5
-226,-5,5
-226,-4,4
-226,-3,3
-226,-2,1
-226,-1,5
-225,-10,5
-225,-9,2
-225,-8,4
-225,-7,3
-225,-6,4
-225,-5,4
-225,-4,1
-225,-3,1
-225,-2,3
-225,-1,4
-224,-10,1
-224,-9,1
-224,-8,3
-224,-7,2
-224,-6,4
-224,-5,5
-224,-4,3
-224,-3,5
-224,-2,1
-224,-1,3
-223,-10,5
-223,-9,1
-223,-8,5
-223,-7,3
-223,-6,2
-223,-5,5
-223,-4,5
-223,-3,3
-223,-2,5
-223,-1,4
-222,-10,3
-222,-9,2
-222,-8,5
-222,-7,1
-222,-6,5
-222,-5,2
-222,-4,3
-222,-3,5
-222,-2,2
-222,-1,3
-221,-10,4
-221,-9,2
-221,-8,4
-221,-7,3
-221,-6,2
-221,-5,2
-221,-4,1
-221,-3,5
-221,-2,2
-221,-1,1
-220,-10,3
-220,-9,5
-220,-8,3
-220,-7,3
-220,-6,1
-220,-5,5
-220,-4,3
-220,-3,1
-220,-2,2
-220,-1,5
-219,-10,5
-219,-9,4
-219,-8,1
-219,-7,5
-219,-6,1
-219,-5,5
-219,-4,1
-219,-3,2
-219,-2,3
-219,-1,2
-218,-10,3
-218,-9,3
-218,-8,3
-218,-7,3
-218,-6,5
-218,-5,3
-218,-4,3
-218,-3,2
-218,-2,1
-218,-1,5
-217,-10,4
-217,-9,5
-217,-8,1
-217,-7,5
-217,-6,2
-217,-5,4
-217,-4,5
-217,-3,2
-217,-2,1
-217,-1,5
-216,-10,4
-216,-9,2
-216,-8,4
-216,-7,2
-216,-6,4
-216,-5,1
-216,-4,1
-216,-3,5
-216,-2,3
-216,-1,3
-215,-10,2
-215,-9,5
-215,-8,3
-215,-7,5
-215,-6,3
-215,-5,5
-215,-4,2
-215,-3,5
-215,-2,4
-215,-1,3
-214,-10,3
-214,-9,2
-214,-8,5
-214,-7,2
-214,-6,1
-214,-5,5
-214,-4,3
-214,-3,1
-214,-2,3
-214,-1,2
-213,-10,5
-213,-9,4
-213,-8,2
-213,-7,3
-213,-6,3
-213,-5,1
-213,-4,5
-213,-3,1
-213,-2,4
-213,-1,5
-212,-10,2
-212,-9,4
-212,-8,4
-212,-7,4
-212,-6,4
-212,-5,5
-212,-4,3
-212,-3,1
-212,-2,2
-212,-1,2
-211,-10,2
-211,-9,5
-211,-8,4
-211,-7,3
-211,-6,3
-211,-5,3
-211,-4,2
-211,-3,3
-211,-2,2
-211,-1,5
-210,-10,3
-210,-9,5
-210,-8,2
-210,-7,1
-210,-6,3
-210,-5,3
-210,-4,3
-210,-3,5
-210,-2,2
-210,-1,2
-209,-10,5
-209,-9,1
-209,-8,2
-209,-7,5
-209,-6,1
-209,-5,5
-209,-4,3
-209,-3,2
-209,-2,3
-209,-1,2
-208,-10,2
-208,-9,3
-208,-8,5
-208,-7,2
-208,-6,5
-208,-5,1
-208,-4,1
-208,-3,5
-208,-2,1
-208,-1,1
-207,-10,4
-207,-9,3
-207,-8,5
-207,-7,5
-207,-6,2
-207,-5,3
-207,-4,3
-207,-3,4
-207,-2,1
-207,-1,2
-206,-10,3
-206,-9,3
-206,-8,4
-206,-7,5
-206,-6,2
-206,-5,2
-206,-4,4
-206,-3,4
-206,-2,3
-206,-1,4
-205,-10,5
-205,-9,1
-205,-8,5
-205,-7,5
-205,-6,3
-205,-5,1
-205,-4,1
-205,-3,5
-205,-2,1
-205,-1,3
-204,-10,2
-204,-9,4
-204,-8,4
-204,-7,2
-204,-6,4
-204,-5,3
-204,-4,2
-204,-3,3
-204,-2,3
-204,-1,4
-203,-10,2
-203,-9,5
-203,-8,1
-203,-7,2
-203,-6,5
-203,-5,4
-203,-4,4
-203,-3,5
-203,-2,5
-203,-1,4
-202,-10,3
-202,-9,2
-202,-8,2
-202,-7,3
-202,-6,1
-202,-5,3
-202,-4,3
-202,-3,5
-202,-2,2
-202,-1,2
-201,-10,2
-201,-9,3
-201,-8,3
-201,-7,4
-201,-6,5
-201,-5,4
-201,-4,5
-201,-3,3
-201,-2,2
-201,-1,5
-200,-10,1
-200,-9,1
-200,-8,2
-200,-7,4
-200,-6,2
-200,-5,1
-200,-4,1
-200,-3,4
-200,-2,1
-200,-1,4
-199,-10,3
-199,-9,1
-199,-8,1
-199,-7,2
-199,-6,5
-199,-5,5
-199,-4,2
-199,-3,2
-199,-2,1
-199,-1,1
-198,-10,5
-198,-9,2
-198,-8,1
-198,-7,1
-198,-6,3
-198,-5,5
-198,-4,2
-198,-3,2
-198,-2,2
-198,-1,1
-197,-10,5
-197,-9,1
-197,-8,4
-197,-7,1
-197,-6,4
-197,-5,2
-197,-4,1
-197,-3,4
-197,-2,2
-197,-1,1
-196,-10,3
-196,-9,5
-196,-8,5
-196,-7,4
-196,-6,5
-196,-5,1
-196,-4,2
-196,-3,1
-196,-2,4
-196,-1,5
-195,-10,3
-195,-9,3
-195,-8,3
-195,-7,2
-195,-6,5
-195,-5,4
-195,-4,1
-195,-3,1
-195,-2,2
-195,-1,2
-194,-10,4
-194,-9,5
-194,-8,2
-194,-7,1
-194,-6,4
-194,-5,2
-194,-4,3
-194,-3,1
-194,-2,4
-194,-1,4
-193,-10,5
-193,-9,4
-193,-8,1
-193,-7,5
-193,-6,4
-193,-5,1
-193,-4,3
-193,-3,2
-193,-2,1
-193,-1,2
-192,-10,3
-192,-9,2
-192,-8,3
-192,-7,2
-192,-6,4
-192,-5,3
-192,-4,3
-192,-3,2
-192,-2,1
-192,-1,5
-191,-10,1
-191,-9,5
-191,-8,2
-191,-7,5
-191,-6,3
-191,-5,3
-191,-4,3
-191,-3,4
-191,-2,1
-191,-1,4
-190,-10,3
-190,-9,2
-190,-8,3
-190,-7,1
-190,-6,5
-190,-5,5
-190,-4,2
-190,-3,4
-190,-2,4
-190,-1,5
-189,-10,2
-189,-9,4
-189,-8,5
-189,-7,1
-189,-6,4
-189,-5,3
-189,-4,3
-189,-3,1
-189,-2,3
-189,-1,1
-188,-10,5
-188,-9,2
-188,-8,5
-188,-7,5
-188,-6,3
-188,-5,1
-188,-4,2
-188,-3,2
-188,-2,3
-188,-1,1
-187,-10,4
-187,-9,4
-187,-8,2
-187,-7,3
-187,-6,4
-187,-5,2
-187,-4,4
-187,-3,2
-187,-2,2
-187,-1,4
-186,-10,2
-186,-9,5
-186,-8,4
-186,-7,2
-186,-6,3
-186,-5,2
-186,-4,5
-186,-3,2
-186,-2,1
-186,-1,5
-185,-10,1
-185,-9,3
-185,-8,2
-185,-7,5
-185,-6,4
-185,-5,2
-185,-4,2
-185,-3,3
-185,-2,3
-185,-1,5
-184,-10,3
-184,-9,1
-184,-8,2
-184,-7,4
-184,-6,2
-184,-5,4
-184,-4,3
-184,-3,3
-184,-2,2
-184,-1,3
-183,-10,4
-183,-9,1
-183,-8,4
-183,-7,4
-183,-6,5
-183,-5,5
-183,-4,3
-183,-3,4
-183,-2,2
-183,-1,2
-182,-10,1
-182,-9,1
-182,-8,1
-182,-7,3
-182,-6,5
-182,-5,1
-182,-4,3
-182,-3,3
-182,-2,4
-182,-1,3
-181,-10,5
-181,-9,2
-181,-8,5
-181,-7,3
-181,-6,2
-181,-5,1
-181,-4,4
-181,-3,1
-181,-2,1
-181,-1,5
-180,-10,5
-180,-9,3
-180,-8,1
-180,-7,4
-180,-6,2
-180,-5,1
-180,-4,5
-180,-3,4
-180,-2,5
-180,-1,5
-179,-10,4
-179,-9,3
-179,-8,2
-179,-7,2
-179,-6,4
-179,-5,2
-179,-4,5
-179,-3,4
-179,-2,4
-179,-1,1
-178,-10,2
-178,-9,5
-178,-8,4
-178,-7,4
-178,-6,3
-178,-5,3
-178,-4,1
-178,-3,1
-178,-2,2
-178,-1,5
-177,-10,2
-177,-9,3
-177,-8,4
-177,-7,2
-177,-6,2
-177,-5,4
-177,-4,1
-177,-3,3
-177,-2,2
-177,-1,5
-176,-10,2
-176,-9,4
-176,-8,3
-176,-7,5
-176,-6,5
-176,-5,2
-176,-4,5
-176,-3,4
-176,-2,4
-176,-1,5
-175,-10,1
-175,-9,5
-175,-8,2
-175,-7,1
-175,-6,4
-175,-5,5
-175,-4,5
-175,-3,2
-175,-2,1
-175,-1,4
-174,-10,5
-174,-9,4
-174,-8,2
-174,-7,1
-174,-6,3
-174,-5,1
-174,-4,5
-174,-3,5
-174,-2,5
-174,-1,1
-173,-10,2
-173,-9,3
-173,-8,3
-173,-7,5
-173,-6,4
-173,-5,3
-173,-4,3
-173,-3,4
-173,-2,5
-173,-1,1
-172,-10,4
-172,-9,3
-172,-8,2
-172,-7,3
-172,-6,4
-172,-5,2
-172,-4,1
-172,-3,4
-172,-2,4
-172,-1,2
-171,-10,5
-171,-9,5
-171,-8,2
-171,-7,3
-171,-6,5
-171,-5,4
-171,-4,3
-171,-3,2
-171,-2,2
-171,-1,4
-170,-10,3
-170,-9,5
-170,-8,4
-170,-7,4
-170,-6,4
-170,-5,4
-170,-4,3
-170,-3,3
-170,-2,2
-170,-1,2
-169,-10,3
-169,-9,1
-169,-8,2
-169,-7,5
-169,-6,1
-169,-5,3
-169,-4,2
-169,-3,4
-169,-2,3
-169,-1,2
-168,-10,1
-168,-9,2
-168,-8,2
-168,-7,4
-168,-6,1
-168,-5,3
-168,-4,1
-168,-3,5
-168,-2,1
-168,-1,1
-167,-10,5
-167,-9,1
-167,-8,2
-167,-7,2
-167,-6,4
-167,-5,4
-167,-4,5
-167,-3,4
-167,-2,4
-167,-1,5
-166,-10,4
-166,-9,4
-166,-8,2
-166,-7,2
-166,-6,5
-166,-5,4
-166,-4,3
-166,-3,3
-166,-2,3
-166,-1,2
-165,-10,2
-165,-9,4
-165,-8,5
-165,-7,1
-165,-6,4
-165,-5,1
-165,-4,4
-165,-3,1
-165,-2,4
-165,-1,2
-164,-10,4
-164,-9,4
-164,-8,3
-164,-7,1
-164,-6,2
-164,-5,2
-164,-4,5
-164,-3,1
-164,-2,2
-164,-1,3
-163,-10,3
-163,-9,4
-163,-8,1
-163,-7,4
-163,-6,3
-163,-5,2
-163,-4,1
-163,-3,5
-163,-2,4
-163,-1,3
-162,-10,5
-162,-9,4
-162,-8,3
-162,-7,4
-162,-6,4
-162,-5,1
-162,-4,2
-162,-3,2
-162,-2,3
-162,-1,4
-161,-10,5
-161,-9,5
-161,-8,1
-161,-7,3
-161,-6,2
-161,-5,1
-161,-4,2
-161,-3,1
-161,-2,5
-161,-1,3
-160,-10,5
-160,-9,2
-160,-8,2
-160,-7,5
-160,-6,4
-160,-5,4
-160,-4,4
-160,-3,2
-160,-2,3
-160,-1,2
-159,-10,5
-159,-9,4
-159,-8,2
-159,-7,1
-159,-6,2
-159,-5,1
-159,-4,1
-159,-3,4
-159,-2,2
-159,-1,2
-158,-10,1
-158,-9,3
-158,-8,4
-158,-7,3
-158,-6,3
-158,-5,4
-158,-4,4
-158,-3,3
-158,-2,2
-158,-1,2
-157,-10,1
-157,-9,5
-157,-8,5
-157,-7,1
-157,-6,3
-157,-5,4
-157,-4,3
-157,-3,3
-157,-2,5
-157,-1,1
-156,-10,2
-156,-9,1
-156,-8,4
-156,-7,2
-156,-6,4
-156,-5,2
-156,-4,3
-156,-3,5
-156,-2,2
-156,-1,2
-155,-10,1
-155,-9,3
-155,-8,4
-155,-7,4
-155,-6,3
-155,-5,2
-155,-4,4
-155,-3,4
-155,-2,3
-155,-1,1
-154,-10,1
-154,-9,2
-154,-8,5
-154,-7,2
-154,-6,1
-154,-5,1
-154,-4,4
-154,-3,1
-154,-2,4
-154,-1,3
-153,-10,3
-153,-9,4
-153,-8,4
-153,-7,2
-153,-6,5
-153,-5,1
-153,-4,5
-153,-3,3
-153,-2,4
-153,-1,2
-152,-10,1
-152,-9,5
-152,-8,1
-152,-7,1
-152,-6,2
-152,-5,4
-152,-4,1
-152,-3,2
-152,-2,4
-152,-1,2
-151,-10,1
-151,-9,4
-151,-8,1
-151,-7,5
-151,-6,1
-151,-5,1
-151,-4,2
-151,-3,3
-151,-2,1
-151,-1,4
-150,-10,3
-150,-9,3
-150,-8,2
-150,-7,4
-150,-6,4
-150,-5,3
-150,-4,4
-150,-3,3
-150,-2,5
-150,-1,3
-149,-10,3
-149,-9,2
-149,-8,5
-149,-7,1
-149,-6,1
-149,-5,2
-149,-4,1
-149,-3,4
-149,-2,1
-149,-1,3
-148,-10,5
-148,-9,3
-148,-8,3
-148,-7,2
-148,-6,3
-148,-5,5
-148,-4,3
-148,-3,5
-148,-2,2
-148,-1,4
-147,-10,5
-147,-9,3
-147,-8,2
-147,-7,1
-147,-6,5
-147,-5,3
-147,-4,3
-147,-3,3
-147,-2,3
-147,-1,4
-146,-10,5
-146,-9,4
-146,-8,2
-146,-7,2
-146,-6,5
-146,-5,5
-146,-4,4
-146,-3,5
-146,-2,4
-146,-1,5
-145,-10,5
-145,-9,3
-145,-8,2
-145,-7,3
-145,-6,4
-145,-5,5
-145,-4,1
-145,-3,5
-145,-2,2
-145,-1,5
-144,-10,5
-144,-9,5
-144,-8,2
-144,-7,1
-144,-6,4
-144,-5,5
-144,-4,5
-144,-3,4
-144,-2,2
-144,-1,3
-143,-10,4
-143,-9,4
-143,-8,1
-143,-7,2
-143,-6,4
-143,-5,1
-143,-4,1
-143,-3,1
-143,-2,3
-143,-1,4
-142,-10,1
-142,-9,4
-142,-8,1
-142,-7,2
-142,-6,5
-142,-5,2
-142,-4,1
-142,-3,4
-142,-2,2
-142,-1,5
-141,-10,3
-141,-9,4
-141,-8,2
-141,-7,4
-141,-6,5
-141,-5,1
-141,-4,3
-141,-3,2
-141,-2,4
-141,-1,5
-140,-10,5
-140,-9,1
-140,-8,3
-140,-7,2
-140,-6,2
-140,-5,2
-140,-4,2
-140,-3,1
-140,-2,5
-140,-1,4
-139,-10,4
-139,-9,5
-139,-8,2
-139,-7,4
-139,-6,4
-139,-5,2
-139,-4,4
-139,-3,5
-139,-2,2
-139,-1,2
-138,-10,5
-138,-9,1
-138,-8,2
-138,-7,3
-138,-6,5
-138,-5,5
-138,-4,2
-138,-3,3
-138,-2,2
-138,-1,4
-137,-10,4
-137,-9,5
-137,-8,3
-137,-7,3
-137,-6,4
-137,-5,1
-137,-4,1
-137,-3,5
-137,-2,1
-137,-1,3
-136,-10,5
-136,-9,5
-136,-8,5
-136,-7,4
-136,-6,1
-136,-5,4
-136,-4,3
-136,-3,4
-136,-2,5
-136,-1,4
-135,-10,2
-135,-9,4
-135,-8,1
-135,-7,2
-135,-6,1
-135,-5,5
-135,-4,4
-135,-3,1
-135,-2,3
-135,-1,2
-134,-10,1
-134,-9,5
-134,-8,5
-134,-7,2
-134,-6,1
-134,-5,5
-134,-4,2
-134,-3,4
-134,-2,1
-134,-1,4
-133,-10,1
-133,-9,5
-133,-8,4
-133,-7,5
-133,-6,3
-133,-5,5
-133,-4,2
-133,-3,4
-133,-2,2
-133,-1,1
-132,-10,3
-132,-9,4
-132,-8,3
-132,-7,4
-132,-6,2
-132,-5,5
-132,-4,5
-132,-3,2
-132,-2,3
-132,-1,4
-131,-10,3
-131,-9,1
-131,-8,2
-131,-7,5
-131,-6,3
-131,-5,1
-131,-4,1
-131,-3,4
-131,-2,4
-131,-1,2
-130,-10,2
-130,-9,4
-130,-8,4
-130,-7,2
-130,-6,4
-130,-5,2
-130,-4,1
-130,-3,2
-130,-2,4
-130,-1,2
-129,-10,4
-129,-9,5
-129,-8,4
-129,-7,2
-129,-6,5
-129,-5,2
-129,-4,2
-129,-3,1
-129,-2,5
-129,-1,1
-128,-10,1
-128,-9,5
-128,-8,2
-128,-7,2
-128,-6,2
-128,-5,5
-128,-4,3
-128,-3,5
-128,-2,2
-128,-1,2
-127,-10,4
-127,-9,3
-127,-8,5
-127,-7,5
-127,-6,5
-127,-5,4
-127,-4,1
-127,-3,2
-127,-2,1
-127,-1,1
-126,-10,5
-126,-9,3
-126,-8,3
-126,-7,1
-126,-6,1
-126,-5,3
-126,-4,3
-126,-3,1
-126,-2,5
-126,-1,1
-125,-10,5
-125,-9,5
-125,-8,5
-125,-7,4
-125,-6,2
-125,-5,2
-125,-4,2
-125,-3,2
-125,-2,5
-125,-1,4
-124,-10,5
-124,-9,1
-124,-8,5
-124,-7,3
-124,-6,3
-124,-5,1
-124,-4,1
-124,-3,4
-124,-2,3
-124,-1,2
-123,-10,1
-123,-9,5
-123,-8,1
-123,-7,5
-123,-6,1
-123,-5,3
-123,-4,3
-123,-3,1
-123,-2,2
-123,-1,5
-122,-10,3
-122,-9,3
-122,-8,5
-122,-7,2
-122,-6,3
-122,-5,4
-122,-4,4
-122,-3,2
-122,-2,4
-122,-1,3
-121,-10,2
-121,-9,5
-121,-8,2
-121,-7,2
-121,-6,2
-121,-5,4
-121,-4,4
-121,-3,1
-121,-2,3
-121,-1,5
-120,-10,3
-120,-9,4
-120,-8,4
-120,-7,4
-120,-6,5
-120,-5,5
-120,-4,5
-120,-3,5
-120,-2,3
-120,-1,5
-119,-10,5
-119,-9,2
-119,-8,1
-119,-7,1
-119,-6,2
-119,-5,2
-119,-4,2
-119,-3,4
-119,-2,5
-119,-1,5
-118,-10,2
-118,-9,4
-118,-8,1
-118,-7,1
-118,-6,5
-118,-5,2
-118,-4,4
-118,-3,4
-118,-2,4
-118,-1,3
-117,-10,4
-117,-9,2
-117,-8,3
-117,-7,2
-117,-6,2
-117,-5,4
-117,-4,5
-117,-3,2
-117,-2,2
-117,-1,3
-116,-10,5
-116,-9,4
-116,-8,5
-116,-7,4
-116,-6,3
-116,-5,1
-116,-4,4
-116,-3,1
-116,-2,1
-116,-1,5
-115,-10,3
-115,-9,1
-115,-8,1
-115,-7,4
-115,-6,4
-115,-5,4
-115,-4,3
-115,-3,3
-115,-2,5
-115,-1,3
-114,-10,2
-114,-9,1
-114,-8,2
-114,-7,5
-114,-6,2
-114,-5,3
-114,-4,4
-114,-3,4
-114,-2,5
-114,-1,3
-113,-10,3
-113,-9,5
-113,-8,2
-113,-7,2
-113,-6,5
-113,-5,3
-113,-4,4
-113,-3,2
-113,-2,3
-113,-1,4
-112,-10,3
-112,-9,3
-112,-8,4
-112,-7,4
-112,-6,5
-112,-5,3
-112,-4,2
-112,-3,4
-112,-2,4
-112,-1,4
-111,-10,1
-111,-9,2
-111,-8,3
-111,-7,4
-111,-6,2
-111,-5,4
-111,-4,3
-111,-3,5
-111,-2,3
-111,-1,5
-110,-10,3
-110,-9,1
-110,-8,2
-110,-7,3
-110,-6,2
-110,-5,3
-110,-4,4
-110,-3,5
-110,-2,4
-110,-1,1
-109,-10,5
-109,-9,1
-109,-8,1
-109,-7,1
-109,-6,5
-109,-5,5
-109,-4,2
-109,-3,3
-109,-2,1
-109,-1,4
-108,-10,2
-108,-9,5
-108,-8,1
-108,-7,1
-108,-6,2
-108,-5,2
-108,-4,3
-108,-3,4
-108,-2,1
-108,-1,2
-107,-10,1
-107,-9,5
-107,-8,5
-107,-7,4
-107,-6,2
-107,-5,3
-107,-4,1
-107,-3,2
-107,-2,3
-107,-1,2
-106,-10,5
-106,-9,2
-106,-8,1
-106,-7,3
-106,-6,4
-106,-5,5
-106,-4,2
-106,-3,2
-106,-2,4
-106,-1,3
-105,-10,2
-105,-9,5
-105,-8,5
-105,-7,5
-105,-6,3
-105,-5,4
-105,-4,1
-105,-3,1
-105,-2,1
-105,-1,1
-104,-10,1
-104,-9,1
-104,-8,4
-104,-7,3
-104,-6,5
-104,-5,1
-104,-4,2
-104,-3,2
-104,-2,5
-104,-1,3
-103,-10,4
-103,-9,1
-103,-8,1
-103,-7,5
-103,-6,5
-103,-5,5
-103,-4,5
-103,-3,3
-103,-2,3
-103,-1,2
-102,-10,1
-102,-9,2
-102,-8,5
-102,-7,4
-102,-6,5
-102,-5,2
-102,-4,5
-102,-3,5
-102,-2,1
-102,-1,4
-101,-10,3
-101,-9,5
-101,-8,2
-101,-7,3
-101,-6,2
-101,-5,4
-101,-4,4
-101,-3,3
-101,-2,4
-101,-1,4
-100,-10,4
-100,-9,5
-100,-8,3
-100,-7,2
-100,-6,4
-100,-5,2
-100,-4,4
-100,-3,1
-100,-2,1
-100,-1,3
-99,-10,4
-99,-9,3
-99,-8,4
-99,-7,4
-99,-6,5
-99,-5,5
-99,-4,2
-99,-3,1
-99,-2,4
-99,-1,3
-98,-10,1
-98,-9,2
-98,-8,1
-98,-7,1
-98,-6,5
-98,-5,4
-98,-4,5
-98,-3,4
-98,-2,3
-98,-1,1
-97,-10,2
-97,-9,2
-97,-8,5
-97,-7,5
-97,-6,4
-97,-5,1
-97,-4,4
-97,-3,4
-97,-2,5
-97,-1,3
-96,-10,4
-96,-9,5
-96,-8,5
-96,-7,4
-96,-6,5
-96,-5,5
-96,-4,2
-96,-3,3
-96,-2,3
-96,-1,3
-95,-10,3
-95,-9,3
-95,-8,5
-95,-7,1
-95,-6,3
-95,-5,2
-95,-4,4
-95,-3,2
-95,-2,2
-95,-1,5
-94,-10,3
-94,-9,5
-94,-8,3
-94,-7,5
-94,-6,1
-94,-5,2
-94,-4,4
-94,-3,5
-94,-2,1
-94,-1,4
-93,-10,1
-93,-9,3
-93,-8,2
-93,-7,1
-93,-6,5
-93,-5,1
-93,-4,2
-93,-3,3
-93,-2,2
-93,-1,5
-92,-10,3
-92,-9,2
-92,-8,2
-92,-7,1
-92,-6,4
-92,-5,5
-92,-4,3
-92,-3,4
-92,-2,2
-92,-1,2
-91,-10,3
-91,-9,2
-91,-8,3
-91,-7,5
-91,-6,5
-91,-5,4
-91,-4,3
-91,-3,1
-91,-2,3
-91,-1,3
-90,-10,2
-90,-9,3
-90,-8,3
-90,-7,4
-90,-6,2
-90,-5,5
-90,-4,2
-90,-3,4
-90,-2,1
-90,-1,2
-89,-10,5
-89,-9,1
-89,-8,1
-89,-7,2
-89,-6,3
-89,-5,1
-89,-4,4
-89,-3,2
-89,-2,1
-89,-1,2
-88,-10,5
-88,-9,5
-88,-8,3
-88,-7,4
-88,-6,2
-88,-5,5
-88,-4,1
-88,-3,2
-88,-2,1
-88,-1,1
-87,-10,4
-87,-9,2
-87,-8,1
-87,-7,4
-87,-6,4
-87,-5,1
-87,-4,5
-87,-3,3
-87,-2,5
-87,-1,5
-86,-10,4
-86,-9,5
-86,-8,3
-86,-7,1
-86,-6,3
-86,-5,2
-86,-4,1
-86,-3,1
-86,-2,2
-86,-1,5
-85,-10,1
-85,-9,2
-85,-8,1
-85,-7,2
-85,-6,4
-85,-5,2
-85,-4,5
-85,-3,5
-85,-2,2
-85,-1,3
-84,-10,4
-84,-9,5
-84,-8,3
-84,-7,5
-84,-6,4
-84,-5,4
-84,-4,1
-84,-3,3
-84,-2,4
-84,-1,3
-83,-10,2
-83,-9,1
-83,-8,3
-83,-7,2
-83,-6,3
-83,-5,5
-83,-4,2
-83,-3,3
-83,-2,2
-83,-1,1
-82,-10,4
-82,-9,1
-82,-8,5
-82,-7,2
-82,-6,1
-82,-5,2
-82,-4,1
-82,-3,5
-82,-2,1
-82,-1,2
-81,-10,1
-81,-9,1
-81,-8,2
-81,-7,2
-81,-6,1
-81,-5,5
-81,-4,2
-81,-3,4
-81,-2,2
-81,-1,4
-80,-10,2
-80,-9,4
-80,-8,3
-80,-7,5
-80,-6,3
-80,-5,5
-80,-4,4
-80,-3,4
-80,-2,4
-80,-1,4
-79,-10,5
-79,-9,3
-79,-8,3
-79,-7,2
-79,-6,5
-79,-5,4
-79,-4,5
-79,-3,2
-79,-2,5
-79,-1,2
-78,-10,3
-78,-9,1
-78,-8,3
-78,-7,2
-78,-6,2
-78,-5,2
-78,-4,5
-78,-3,1
-78,-2,1
-78,-1,4
-77,-10,4
-77,-9,4
-77,-8,2
-77,-7,3
-77,-6,5
-77,-5,5
-77,-4,3
-77,-3,1
-77,-2,4
-77,-1,2
-76,-10,4
-76,-9,2
-76,-8,2
-76,-7,2
-76,-6,2
-76,-5,4
-76,-4,3
-76,-3,5
-76,-2,3
-76,-1,2
-75,-10,5
-75,-9,1
-75,-8,5
-75,-7,5
-75,-6,1
-75,-5,1
-75,-4,2
-75,-3,1
-75,-2,3
-75,-1,2
-74,-10,1
-74,-9,4
-74,-8,3
-74,-7,5
-74,-6,5
-74,-5,2
-74,-4,2
-74,-3,1
-74,-2,3
-74,-1,5
-73,-10,1
-73,-9,5
-73,-8,3
-73,-7,3
-73,-6,4
-73,-5,1
-73,-4,5
-73,-3,1
-73,-2,5
-73,-1,4
-72,-10,4
-72,-9,5
-72,-8,4
-72,-7,5
-72,-6,5
-72,-5,4
-72,-4,5
-72,-3,2
-72,-2,3
-72,-1,5
-71,-10,4
-71,-9,3
-71,-8,3
-71,-7,3
-71,-6,1
-71,-5,1
-71,-4,5
-71,-3,2
-71,-2,2
-71,-1,1
-70,-10,3
-70,-9,3
-70,-8,3
-70,-7,3
-70,-6,1
-70,-5,1
-70,-4,3
-70,-3,2
-70,-2,2
-70,-1,5
-69,-10,1
-69,-9,1
-69,-8,1
-69,-7,5
-69,-6,4
-69,-5,1
-69,-4,5
-69,-3,4
-69,-2,1
-69,-1,2
-68,-10,2
-68,-9,5
-68,-8,3
-68,-7,4
-68,-6,1
-68,-5,4
-68,-4,2
-68,-3,1
-68,-2,2
-68,-1,4
-67,-10,2
-67,-9,4
-67,-8,4
-67,-7,5
-67,-6,1
-67,-5,2
-67,-4,3
-67,-3,1
-67,-2,4
-67,-1,5
-66,-10,1
-66,-9,4
-66,-8,1
-66,-7,4
-66,-6,4
-66,-5,4
-66,-4,2
-66,-3,3
-66,-2,5
-66,-1,1
-65,-10,1
-65,-9,1
-65,-8,2
-65,-7,5
-65,-6,5
-65,-5,3
-65,-4,5
-65,-3,4
-65,-2,3
-65,-1,3
-64,-10,4
-64,-9,3
-64,-8,5
-64,-7,3
-64,-6,3
-64,-5,3
-64,-4,2
-64,-3,2
-64,-2,5
-64,-1,2
-63,-10,3
-63,-9,5
-63,-8,1
-63,-7,2
-63,-6,2
-63,-5,3
-63,-4,5
-63,-3,5
-63,-2,5
-63,-1,3
-62,-10,2
-62,-9,5
-62,-8,2
-62,-7,2
-62,-6,3
-62,-5,2
-62,-4,2
-62,-3,5
-62,-2,5
-62,-1,4
-61,-10,2
-61,-9,4
-61,-8,4
-61,-7,1
-61,-6,1
-61,-5,3
-61,-4,5
-61,-3,3
-61,-2,1
-61,-1,2
-60,-10,2
-60,-9,5
-60,-8,4
-60,-7,3
-60,-6,3
-60,-5,2
-60,-4,1
-60,-3,1
-60,-2,4
-60,-1,2
-59,-10,4
-59,-9,1
-59,-8,5
-59,-7,5
-59,-6,1
-59,-5,4
-59,-4,2
-59,-3,4
-59,-2,5
-59,-1,2
-58,-10,1
-58,-9,3
-58,-8,2
-58,-7,2
-58,-6,1
-58,-5,5
-58,-4,1
-58,-3,5
-58,-2,1
-58,-1,5
-57,-10,4
-57,-9,3
-57,-8,4
-57,-7,4
-57,-6,2
-57,-5,2
-57,-4,2
-57,-3,4
-57,-2,4
-57,-1,2
-56,-10,2
-56,-9,2
-56,-8,1
-56,-7,4
-56,-6,5
-56,-5,1
-56,-4,5
-56,-3,5
-56,-2,1
-56,-1,3
-55,-10,1
-55,-9,1
-55,-8,3
-55,-7,5
-55,-6,1
-55,-5,4
-55,-4,4
-55,-3,3
-55,-2,2
-55,-1,4
-54,-10,1
-54,-9,1
-54,-8,5
-54,-7,5
-54,-6,3
-54,-5,1
-54,-4,3
-54,-3,1
-54,-2,3
-54,-1,4
-53,-10,3
-53,-9,4
-53,-8,5
-53,-7,4
-53,-6,5
-53,-5,5
-53,-4,2
-53,-3,4
-53,-2,2
-53,-1,5
-52,-10,5
-52,-9,2
-52,-8,5
-52,-7,4
-52,-6,4
-52,-5,3
-52,-4,5
-52,-3,4
-52,-2,3
-52,-1,3
8,-4,4
9,-4,4
7,-4,4
